year,month,day,initial,score,country
2007,10,27,LEX,2065812,CA
1995,8,23,PNY,1163465,JP
1980,2,8,MBJ,175380, 
1982,5,9,QRC,2025632,ES
na,na,na,YPZ,925357,NZ
2013,11,15,RVJ,319733,AU
2003,12,4,VKD,3322668,US
2016,9,9,ZIS,2137806,CN
2013,3,20,IYD,3059716,CN
1993,5,19,CHQ,231892,AU
1996,9,27,HIQ,1511628,NZ
missing,missing,missing,HIV,2992371,GB
2004,6,1,XGB,892369, 
2005,3,16,OTB,2881454,CN
1999,2,25,VQH,1110501,JP
2006,3,26,DBN,252501,GB
1991,11,22,VGP,2412494,US
1993,12,22,AGB,3193018,US
2018,5,7,KXU,314306,AU
na,na,na,HZQ,645287,CN
2001,12,26,YEV,1274842,AU
2008,8,28,XGR,2649316,AU
1984,7,4,CLY,1233945,AT
2009,9,27,DJI,2029417,AT
2018,8,27,OCR,3148230,CN
1991,9,21,FHC,3070312,AU
1988,8,8,XSH,2412390,JP
1991,9,7,NTW,N/A,ES
1998,6,11,SYW,N/A,US
2013,7,14,FND,3174595,NZ
1984,6,9,RGC,1134161,GB
1987,3,27,NAR,2193738,AT
1997,1,8,KCY,2694755,NZ
2002,4,18,NVD,1410548,JP
2018,10,11,VAX,1996476,US
1991,5,15,NOF,3260815,US
1990,1,27,OYV,2977787,US
1994,8,8,AMP,2596890,NZ
na,na,na,ETW,308504,ES
missing,missing,missing,NJU,2730805,ES
2014,2,23,BMY,105297,CN
na,na,na,UAW,1874449, 
1992,11,16,MXL,1583331, 
1990,2,17,KAT,1093117,AU
2010,1,17,QZB,1157784,AT
1981,2,1,XFA,780610,AT
1988,9,16,ZPM,3159043, 
1987,2,5,LEX,841010,CA
2006,12,11,ZPH,1130104,CA
2007,9,28,TFQ,N/A,US
missing,missing,missing,QAG,833279,CA
1980,7,8,NQU,98992,NZ
2004,4,17,QKR,2306214,US
1982,4,26,PHG,2031487,JP
2007,12,4,ESF,2755582,US
1980,8,20,VJW,788888,ES
2009,2,1,HUY,1140790,JP
1988,12,11,TGJ,177968,ES
2004,7,13,PUW,1341843,CN
2018,7,27,IEM,527879,US
1984,6,5,PCY,2121424,NZ
2004,9,8,EYA,2867204,CN
2010,6,20,NMU,2941299,AT
1996,5,14,VGK,356310,ES
2016,9,5,YKM,804088,NZ
2004,8,28,BCZ,291768,CA
2016,9,3,NOV,250184,GB
2004,3,7,VTN,1752789,US
2009,7,14,RUQ,3286299,CA
2006,10,21,KLT,1437805,AU
2005,6,5,NBA,2852765,GB
2011,2,28,HAL,147163,JP
2006,6,22,HLV,404181,JP
1997,9,11,TCR,768110,US
na,na,na,BDW,1085074,JP
2013,12,11,WHT,1297630,AU
2011,1,25,ABS,2392395,CA
1999,9,21,BQA,1998591,CN
na,na,na,EML,2305420,JP
1984,12,5,WLZ,1644882,CN
1982,9,3,ESH,1775963,GB
1997,6,14,YBZ,979898,US
1980,8,8,IRP,2219760,AT
2014,6,13,REO,801020, 
2004,4,20,TSJ,341861,CN
1998,3,25,EUR,2554110,CN
2014,2,23,UVW,1819892,ES
1996,1,7,SDJ,2711429,NZ
1986,12,5,UAF,31746,AU
1988,6,7,TZL,1729376,GB
missing,missing,missing,YDP,2484487,JP
1985,3,15,IRZ,N/A,US
1996,9,16,EOB,1145109,ES
1999,11,7,QHC,743083,NZ
2018,4,14,NDT,431430,GB
1996,2,5,KEA,923309,AU
2009,1,16,PRJ,1234723,CA
1992,9,2,PJQ,934427,GB
2010,9,28,JOU,463010,CA
2012,9,25,GAS,1482088,CN
2016,3,6,GBF,1915573,US
2016,1,14,EDN,1106601,NZ
1983,4,1,IFA,3099396,ES
1988,11,8,OUH,810873,US
1980,6,25,SRZ,2671181,CN
1983,12,2,MGH,N/A,NZ
2009,7,23,NJS,2257670,ES
missing,missing,missing,AOE,373599,JP
1981,7,4,UGD,658897, 
1985,9,21,BOP,N/A,NZ
1999,6,15,JSW,1288423,CN
1981,6,17,PZB,2410285,NZ
2005,11,19,ZLO,748535, 
1999,1,15,TER,3039802,ES
2002,10,10,ZMT,935503, 
2007,3,3,UQT,2461693,AT
2008,12,25,KBN,79001,JP
1990,11,4,NQI,2915635,AT
2007,12,19,BYZ,81510,NZ
2010,5,12,ASY,1033732,CA
2002,11,17,TVP,1005384,JP
2014,6,24,MKD,388614,AT
2014,7,5,SPZ,2536073,JP
2013,7,3,ZST,2440955,CN
2015,12,9,VKD,1906524,AT
1984,7,24,LDA,1179567,NZ
1997,12,6,JQB,845754,CN
1990,7,14,EKR,1602619,AU
1992,7,13,ADU,2782384,NZ
1995,8,24,FQK,2114722,CN
1989,2,28,OEN,1726533,JP
2015,5,1,RIT,1068185,CN
1981,11,24,RBA,1281541,US
2016,11,26,XTW,150848,ES
missing,missing,missing,TLO,643472,US
2001,1,8,YCD,1163295,AU
1985,1,11,IHR,899045,CN
2000,4,24,BIZ,1873535,ES
2009,3,17,VUY,821444,JP
1989,10,15,TXO,N/A,CN
1998,5,28,CIS,2713642,AU
2018,11,8,GFJ,2224502,GB
2011,12,1,HPU,462467,AT
1991,7,13,AOQ,57230,AT
1998,12,14,UWJ,2475013,CN
1995,8,18,NCV,1547264,US
2003,9,6,DVP,1303842,CN
2001,12,6,SUB,1128290,AT
2016,1,21,MHJ,3227249,CA
1996,10,9,LQE,N/A,NZ
1983,6,19,YCI,1148496,GB
missing,missing,missing,XSL,1086746,CA
2013,5,14,ZXE,3195914,GB
1991,3,17,GHE,2254821,ES
missing,missing,missing,ATM,885575,US
2005,12,1,NLI,1051392,CN
2003,5,21,LEN,2464437,US
2000,5,18,QNE,333868,CN
2001,7,7,YWZ,1184857,CN
2013,9,7,CXM,1127502,GB
2014,3,23,SRF,1984935,CA
2000,2,2,PZY,83028,ES
2018,9,9,QKI,822987,CA
2012,8,21,CBV,2991881,AU
na,na,na,SCY,1864628,JP
1985,11,8,FJY,62760,CA
2008,1,2,DLU,1207552,ES
2000,7,11,YFK,682973,ES
2007,10,15,LTW,332352,NZ
1983,1,23,EOZ,284403,AT
1994,5,23,JPW,1946130,NZ
2000,1,11,RCB,1334303,AT
2017,6,21,TDO,N/A,NZ
1998,4,11,PJR,1255111,US
2005,12,12,KSF,2874293,CN
1991,8,15,QLN,1436518,AT
2007,11,24,ANK,1547401,NZ
1994,6,16,ENZ,1464763,NZ
1996,6,10,DIV,2891664,NZ
1990,4,12,EJM,468120,NZ
1988,6,23,RKY,2164578,NZ
2009,6,22,RSY,1828827,ES
na,na,na,ZLC,2586317,NZ
1996,12,13,WQG,12577,ES
2003,2,13,YVI,263003,ES
1991,10,3,VXF,794775,US
1986,3,22,TUB,335148,AT
1987,11,18,TCV,115716,CA
2003,2,19,ZEI,2455920,ES
1993,2,26,QYS,2998798,GB
1982,9,2,POR,2703264,AU
2009,6,22,BVC,N/A,CN
1981,10,14,XCM,36300,CN
2000,6,25,GBH,N/A,US
1985,4,7,BQG,1035127, 
1997,6,21,UEW,2133658,ES
2000,6,9,KUA,2818970,JP
1987,7,26,GSP,2551711,ES
2007,6,14,HGR,915001,AT
2004,6,15,JWP,2496908,CA
1987,10,24,FUZ,1617448,CN
2010,2,28,OLN,1920102,CA
2016,10,25,LVJ,679715,NZ
2014,12,16,XDP,2104040,JP
na,na,na,GVU,1120286,NZ
1989,4,14,EUT,1635190,AU
1982,7,22,ZXL,N/A,CA
1981,4,12,LXU,468979,JP
1995,2,2,HRD,2749351,ES
2013,2,9,FRG,1027347,ES
2012,12,7,GWO,355560,CN
1999,10,26,TQP,3078318,AT
1988,4,3,KAI,1533201,NZ
1990,6,10,JFL,809041,CN
1993,10,1,SEL,792022,JP
2012,3,19,DLA,1344363,GB
na,na,na,RLB,1427698,AU
1991,7,8,BZV,2681649,AT
2010,8,13,SBC,652719,AT
2011,8,14,YON,2164931,CN
2011,8,3,YQD,3033343,NZ
2003,10,3,YDT,314133,CA
1985,9,5,EIW,1671786,AU
2007,9,23,APE,1470990,NZ
na,na,na,GXO,1649031,AT
2007,12,1,MGX,2740522,AU
2008,7,24,HSX,275723,CN
2002,6,28,ZQS,530860, 
1980,1,21,EVA,2984723,AU
1984,1,6,KNX,1677698,GB
2004,7,13,CNT,768195,CN
1985,9,12,QBM,2761606,AT
1995,10,26,RTY,721252,NZ
2001,10,4,CGB,1964177,ES
1984,12,13,TRW,681756,CN
2005,4,1,YMW,N/A,NZ
1994,1,3,EBC,1974329,ES
1989,11,1,JRN,1713997,GB
1980,4,11,GDY,1808015,ES
2002,3,23,ZAH,2668032,ES
1994,10,13,LNC,1970874,CN
2017,12,22,ATQ,2218727,CA
2015,7,12,LBJ,3172308,NZ
1989,9,9,HSO,2595311,NZ
1999,6,10,KIB,793236,AT
2016,6,22,HCI,2457536,US
1983,7,5,AER,3115054,US
2017,4,14,UZW,1359141,NZ
1982,7,17,GUO,1694725,CN
1993,12,23,ULX,2736256,CN
1991,7,11,ZHK,1716317,CN
missing,missing,missing,QNM,2820673,ES
2005,12,24,TLK,803341,CA
2015,10,4,DJF,278531,JP
2006,1,4,KVD,1419741, 
2003,9,18,PYK,1031285,CN
1997,3,19,RUS,3208289,JP
1981,1,9,LQD,1025459,CN
2008,4,27,JYN,N/A,ES
2010,4,24,THQ,2894832,NZ
2000,6,24,ZOJ,3034247,ES
missing,missing,missing,ADH,1721634,ES
missing,missing,missing,UWB,1464506,AU
1992,9,26,NXO,2607421,JP
1980,10,4,WMS,624623,AU
1997,6,2,ZXA,1463496,AU
2013,9,8,BKT,2493350,AT
1992,2,14,ERD,2603179,US
1994,8,25,EMG,3089041,ES
1988,10,6,PVD,3251416,US
1992,10,7,THX,1114899,JP
2008,7,25,QGT,534553,NZ
1996,8,14,YIG,1132792,CA
2016,6,16,IBY,2215077,US
1992,7,20,SHA,2740180,US
2013,6,22,VGP,1108644,CA
1993,3,24,VCG,601385,AU
1984,4,14,XPV,396369,NZ
1986,2,1,QJK,604071,CA
2004,12,23,RIE,1508691,ES
1992,4,17,EOX,80636,CN
1998,12,6,EJI,853652,CA
1998,5,4,PIV,481748,JP
1990,1,21,KRS,1785019,AT
2010,2,5,YKM,2620768,JP
missing,missing,missing,WEU,417307,ES
2005,9,27,DAQ,3082387,CN
2001,11,4,OAB,1812998,ES
2014,9,11,DLO,1248284,ES
2004,6,23,KYI,1346575,CA
na,na,na,GUR,357752,CN
1990,7,25,VYI,61918,AU
1988,10,8,JHX,2505880,CA
1996,7,19,VGK,2107810,JP
2007,2,15,AZL,1785409,AU
2008,2,22,VQI,3103938, 
1986,1,6,DUJ,237828,CA
1999,8,23,YFW,3173613,AT
1989,2,3,XKH,153308,JP
1995,9,15,SXF,1282516,AU
1980,8,6,ETA,1090751,CA
1994,3,24,HEG,1202884,ES
2001,12,22,HFY,2580175,CA
1990,7,1,GHB,1767317,CN
2008,9,28,TUM,354662,CA
1986,1,13,YNO,2894562,ES
2005,10,9,WYN,1402449,ES
2000,9,5,UAO,115191,AU
1983,8,12,MAV,1141587,CN
1985,10,6,TGO,2187026,NZ
1996,10,21,JUF,2019705,AU
1980,4,3,IAM,2147545,ES
na,na,na,UJT,992940,GB
2008,8,15,XBG,1622977,CN
1994,3,23,AGP,926766,AU
1993,2,3,SKT,N/A,CN
1981,9,6,VXL,236252,CA
2018,1,23,LCI,2457197,US
1997,2,17,FGD,2346533,AU
1989,3,14,RYC,868357,GB
2005,12,9,YUC,2407180,CN
1992,11,17,OVU,1722735,JP
1985,5,3,HMU,2194699,CN
1982,1,23,PYJ,1817493,ES
1984,1,5,XSY,1464279,NZ
1980,2,15,VNI,920456,NZ
2013,7,18,KYB,3028818, 
1996,4,9,RZL,1668571,US
2010,10,10,VRQ,1258734,AU
2009,4,8,FIU,913200,CN
1991,9,18,ZPY,319587,GB
1999,8,13,VBX,682401,NZ
1982,7,23,EXG,1427542,NZ
2014,1,12,BTF,2279592,GB
1986,9,7,GIW,3246813,CA
1986,6,23,WAJ,535437,GB
1999,5,13,GOP,3231505,AU
2003,11,12,YGM,1528091,NZ
1982,1,16,MBR,1288014,ES
1993,7,4,VJA,2478678,AT
2004,7,25,TGQ,2363027,CA
2006,10,26,FNG,1915826,ES
1980,8,11,AIK,3202731,ES
1982,11,4,YPJ,899729,AT
1987,5,27,ELX,121197,ES
2004,4,10,GNK,2131200,CN
1981,8,4,NPQ,2228080,NZ
2001,2,17,EZR,3223211,CA
2016,11,10,TFQ,1017335,NZ
2011,9,19,OGB,277974,CA
2011,11,10,QKG,2249301,AU
1994,3,12,XPK,333896,AT
missing,missing,missing,DHQ,3085200,AT
1986,9,4,KDC,1618059,NZ
2007,3,23,ABP,2122365,AU
1988,2,9,QDM,948063,NZ
2003,4,20,VFY,1462816,US
2012,12,12,NHS,864360,NZ
1999,3,16,WSF,724928,ES
1994,6,15,OIX,3190154,AT
1989,5,6,ELB,172166,CA
1995,10,14,TCV,5145,US
1986,10,18,ARV,2011754,JP
2013,2,12,MSL,437347,NZ
missing,missing,missing,YSC,3081564,AU
2009,11,11,BMO,1099688, 
2003,8,17,YMU,1690626,CN
2010,6,20,OIU,2855874, 
2011,7,8,WKL,3292395,US
1998,10,12,NKR,940643,GB
1987,1,8,XRS,98865,NZ
2002,12,15,BQJ,1564056,CN
na,na,na,YET,2302899, 
1998,8,17,YEH,2125942,US
2005,2,16,MLV,1625694,CA
1997,1,16,MPA,480488,JP
2001,6,14,YVG,1208975,AT
2003,11,25,EIB,1888646,ES
1990,7,8,XLD,2239557,JP
2010,9,16,EUM,2898303,CN
2013,5,19,YOD,1685218,CN
1991,10,23,YHK,2407498,NZ
2012,11,5,QPD,2412846,NZ
1989,8,20,GYW,1720152,JP
1989,1,19,GPX,914161,ES
1981,1,2,LIQ,1525746,GB
2007,11,22,YVA,1550257,AU
1985,2,26,WIE,2651808,AT
1981,2,5,YVZ,1459704,ES
2003,5,28,KCA,322506,CA
1985,5,4,KRY,1648704,US
1991,11,7,KRY,1747201,US
1997,5,2,ONG,1662923,US
2017,4,21,TMU,1445978,JP
1987,8,10,YIA,1785754,AU
2017,9,6,YNL,525747,CA
2018,9,1,SRY,2512675,JP
1982,1,8,TDA,2181741, 
1989,4,27,XEN,2371987,US
1998,9,19,XYF,1058088,US
1999,11,11,QVS,2589475,AT
2001,12,12,DJP,114507,ES
missing,missing,missing,EAQ,2772953,CN
1985,11,24,QXN,2637806,AT
na,na,na,UHK,323221,CN
1997,3,28,ZFA,1575436,ES
1987,9,27,NWP,834950,GB
2015,8,3,FAR,N/A,AT
2011,7,25,JQM,2180942,GB
missing,missing,missing,LTX,1132441,GB
2004,9,10,LMH,1630900,US
2011,6,6,SLI,888744,JP
1984,12,23,HRC,2190098,ES
1989,5,9,OJR,636468,AT
1996,5,21,ZWO,2894788,JP
2000,6,15,JQT,151748,ES
1991,4,27,LXH,196188,JP
1992,12,26,YNG,1141288, 
1988,5,20,XMK,1297308,AT
1989,4,10,ZMJ,1274629,CN
2007,3,5,KBU,2830953,CN
2014,12,11,FJW,1849789,NZ
2014,12,5,WDA,459196,US
2017,4,27,YFN,N/A,AT
2007,7,6,JTO,1629161,US
2011,6,24,DXB,897151,AT
1998,12,2,FGV,354541,ES
na,na,na,VWH,2421456,CN
2000,11,24,ZFD,2378243,ES
2014,11,9,SXE,3211114,NZ
1989,6,12,ITY,1996140,US
1994,3,8,PWG,1681872,CA
2013,9,4,ZNU,788146,AT
1980,10,25,QYC,65436,AT
1983,7,18,MPI,2006229,NZ
1991,5,19,JBR,851111,JP
2016,7,8,QPR,2848389,AU
2011,12,7,TSI,2068916,JP
2000,8,11,SRF,1269141,CN
1998,3,8,OLE,2782902,CN
2013,7,22,GHN,1729715,AU
1994,4,25,CEP,2486387,JP
1992,3,5,CHE,1615370,CN
1997,5,19,CDI,2979667,AU
2017,2,10,FKN,3214257,CA
1992,8,4,ISV,1437212,NZ
2003,9,25,IVR,1653110,ES
2001,10,10,SHI,1440886,US
na,na,na,LFJ,2829991,US
1987,10,5,QXD,2359160,ES
1996,12,10,ZRH,3310099, 
2007,2,24,UCS,3000901,AU
2010,12,2,KNQ,515893,US
1985,10,20,XUJ,1585233,CN
2011,2,9,CHE,178770,JP
1983,9,24,WSK,909974,GB
1990,11,11,RPF,3043455,GB
1989,10,27,IZJ,2162968,CN
1998,6,24,SBL,1760768,GB
1988,1,18,VKR,136491,US
1983,8,18,EKF,737708,AU
1982,8,6,FXC,N/A,GB
2013,12,24,ILM,2589346,NZ
2004,5,5,WRV,1719837,ES
1981,2,27,RIU,2492569,GB
1985,5,28,CQL,1808759,US
1985,12,8,OEQ,1205378,US
2005,8,18,KIZ,2636106,US
2003,4,21,ZYC,590149,JP
1991,5,20,QZX,114094,ES
2013,10,18,PTM,70727,AT
1982,3,27,FPC,2117420,ES
1986,6,2,WFZ,2490100, 
1985,1,5,ITN,1055225,AT
2014,10,8,AFH,631433, 
1995,4,15,JOD,928634,CA
2000,7,9,IUZ,92741,NZ
2013,1,5,TFB,813205,CN
2002,2,2,LAI,3250266,US
2018,3,16,BIG,2050956,AT
2009,11,5,WJP,2657497,ES
1982,9,7,TUS,547855,AT
2013,5,2,XPN,3082058,NZ
missing,missing,missing,PBI,776558,CA
2017,12,24,CTA,806930,AT
1989,4,7,ZFM,137592,NZ
2014,10,23,RXN,3246557,JP
1988,7,16,DBE,1580536,CN
1994,4,9,MRC,1922132,CN
2007,3,9,PVF,2879002,NZ
1986,2,16,YNZ,2638326, 
1984,3,23,AET,N/A,NZ
missing,missing,missing,HVO,2042830,JP
1980,7,1,VHM,2894028,CN
2013,1,2,CVP,1951301,US
2001,7,18,EDX,3103990,ES
1988,8,16,ENZ,1727662,GB
2004,1,6,YQN,N/A,AT
2014,4,4,TBW,107658,AT
2011,1,8,PDA,1017824,ES
1998,10,1,NZF,1658119,AU
1995,1,8,PWN,1770312,GB
1986,9,17,XSP,2385188,AT
1996,8,9,CWG,2630958,AT
1992,10,3,BIM,2102278,ES
2008,5,3,ZUH,2212563,NZ
missing,missing,missing,BYH,2121263,CN
1986,12,22,QWT,308207,GB
2018,8,23,CME,1520554,NZ
1993,5,24,DFX,2728757,JP
2009,12,22,MCX,2277081,JP
1992,3,8,WJP,2142202,AU
1988,6,5,DHO,2325659,CN
missing,missing,missing,WMH,3293190,ES
2001,7,26,IHW,1128560,CA
1990,2,11,AFS,3087939,US
2010,9,10,WNL,N/A, 
1988,3,8,MYE,319717,GB
missing,missing,missing,XNW,482079,JP
missing,missing,missing,WOX,3205719,AT
1989,4,26,DNH,1713168,JP
1983,7,3,GYL,2312441,JP
missing,missing,missing,ALC,2751759,CN
2006,11,17,FVU,374610,GB
2011,10,24,UOK,615407,GB
na,na,na,VCB,2896281,AU
1984,4,16,DXM,2656299,GB
1982,7,25,VIA,2032576,NZ
1991,1,13,ZKJ,1396747,CN
2012,5,27,BTJ,462468,AU
2016,5,15,BMH,573805,CN
2009,4,8,PTB,2973195,JP
1997,9,28,QPG,2518006,JP
2004,3,17,AZX,1194741,GB
2002,1,26,BXR,2694140,JP
1984,11,20,BTZ,1396051,AU
2000,12,11,VQM,1872252,AT
2010,10,10,OQI,3213930,AU
2006,10,28,QID,N/A,AT
2002,11,10,QSH,1985318,CA
1999,1,21,ISU,2855285,GB
2013,1,11,VEA,823575,AU
1996,12,3,KUX,1861138,CN
2008,11,12,ONF,2267611,JP
2014,11,10,TZO,435748,JP
1992,6,6,AFZ,1186414,AT
1993,2,18,TBC,1294371,AU
2005,4,8,HFJ,N/A,CN
1985,8,13,SAR,2569032,NZ
na,na,na,MBP,2857193,AU
2010,12,28,TOV,2695417, 
2009,10,3,BAG,1300562, 
1994,12,9,QSO,698066,US
1993,8,7,EQY,1602572,AU
1994,11,10,DEF,2841676,AU
2008,10,2,YNG,N/A,AU
2009,1,17,TCX,1001739,GB
1999,8,19,RUG,2450931,CA
2018,9,2,QBU,696518,US
2010,12,25,GUC,2430991,CN
1995,7,12,JIW,2185363,US
2003,11,17,QHX,N/A,AT
2005,8,14,KGZ,491143,NZ
1992,5,25,PXB,394717,CN
1991,1,25,VMA,17908,NZ
2010,5,25,JQS,2550465,GB
1997,10,20,HSL,1639663,CN
2017,5,12,VKI,1468449,GB
1986,1,2,BTS,1458531,JP
1990,2,21,BES,2549016,AU
1996,7,14,GIY,3071098,AU
1995,10,13,UZJ,1565778,CA
2004,1,8,BGA,438268,ES
2009,8,27,BWA,1321050,JP
1992,6,2,KEQ,2148593,AT
1986,11,3,PTZ,3323020,NZ
1997,3,10,DQV,3220332,CA
na,na,na,BOD,651554,CA
1991,9,8,PBK,2476918,GB
1987,9,26,AXP,80659,NZ
1987,10,28,RUB,866268,GB
1995,10,12,FLE,2504157, 
2009,12,1,JHE,765017,CN
1980,11,27,RCL,315898,CA
1987,1,4,NHQ,537283,ES
2003,8,18,FYA,441210,AT
1986,4,18,KVQ,16722,NZ
1989,7,3,ZUR,1981483,AU
1981,2,4,GSC,1691003,NZ
2003,9,14,QHR,2202192,CA
1988,7,5,YCM,952996,CA
2015,9,11,XBP,266840,AT
1983,8,13,JRH,410449, 
na,na,na,SXD,1968738,NZ
1983,9,23,AXS,2244148,GB
1998,10,25,GYW,285949,US
2010,6,11,ACI,2561921,ES
na,na,na,TIB,2584965,AT
2005,11,15,OYE,452124,GB
2007,11,9,AXN,2025805,NZ
1991,8,1,EPH,2178809,ES
2004,7,24,FYX,702929,NZ
1985,9,21,AEO,1255278,US
1997,6,20,CMX,779735,AT
2012,3,6,RAJ,1110107,US
1992,12,18,WIJ,2317839,CN
1994,2,16,OUW,3329322,NZ
1987,9,9,LOQ,2341211,GB
2014,10,28,MBG,2090865,NZ
2009,3,15,GYJ,30087,ES
na,na,na,YUF,961871,JP
1998,1,22,YIU,267534,AT
2000,4,22,LZU,1262681,ES
1983,3,23,GTK,727235,CN
missing,missing,missing,GUY,3146434,CN
1982,10,8,FZJ,2285302,AT
na,na,na,ISC,1694464,ES
1988,11,23,FSB,1088338,US
1985,4,17,CQG,3221617,US
1993,9,26,PXW,2093294,NZ
1987,5,13,YOM,1214532,CN
missing,missing,missing,XLF,1859919,NZ
2017,5,8,BLR,2227926,AU
1980,8,8,GRC,1932479,JP
1990,1,7,IWB,1393193,CA
1989,7,10,IAK,2126313,AU
2003,12,4,POQ,1307106,US
2013,10,1,RLZ,1948839,NZ
1996,7,10,AZC,1801076,US
2016,2,18,LCJ,1785300,AT
2018,2,4,LDV,136321,ES
1998,8,7,OSX,305926,US
1995,5,12,SZD,3105495,CA
2001,8,26,PJL,2512443,CN
1987,2,14,VXC,748378, 
2011,4,27,IDE,739751,AU
missing,missing,missing,NZG,2179805,GB
1993,10,25,OJA,189630,CN
1983,2,8,LVR,575949,AU
1989,10,7,GEH,N/A,US
1998,2,24,YKN,690394,AU
2004,3,6,LJB,410549,AU
1992,2,3,PVE,1181581,AT
2011,3,19,IHF,1269273,GB
missing,missing,missing,QDX,1336047,AT
1999,10,1,HDJ,2090385,US
1980,2,1,ZMO,1827075,NZ
2018,12,12,YFC,2571575,CN
1994,1,1,HUM,553670,GB
1994,4,28,LBZ,1272199,GB
1999,12,3,NTL,3083507,CA
missing,missing,missing,DEX,502657,NZ
1982,6,1,EAP,2021154,JP
2013,7,20,YTS,680526,JP
1989,4,9,GQD,1488161,CA
1994,1,5,PEG,1638440,CN
1986,5,19,LIK,1928849,ES
1997,10,28,YDP,1684220,CN
1994,2,6,ECQ,621651,AT
2016,9,12,DGK,1368451,AT
1998,3,9,VHB,155698,AU
1994,12,15,YZU,1311007,AT
1995,12,23,XTP,2550383,AU
2015,8,6,SFB,515656,CA
1991,4,3,LTE,2610979,JP
2010,6,9,KAE,155627,US
1983,1,5,FKW,2846499,AU
1995,5,5,LYC,1884316,GB
2003,3,24,UZP,3148946,GB
1991,4,16,ZIT,795306,US
2005,1,10,XJT,2251191,US
2017,5,23,IZE,301340,CA
1990,9,10,NMS,2658430,US
1993,2,7,JXO,1567602,CA
1986,10,27,SQH,191540,CA
1999,11,1,FQC,2806293,NZ
missing,missing,missing,XUE,1242865,CA
2011,7,3,YVI,1480107,CA
2015,10,22,PTO,2848370,ES
na,na,na,OBC,1491319,AT
1996,10,24,ENP,431840, 
2012,7,22,GVE,186340,US
1981,8,5,GLR,3202027,GB
1998,3,27,CNY,1447703,ES
1985,5,13,WSC,1760979,JP
1985,11,12,SXU,1410519,GB
2016,2,19,VRW,3037569,AT
1987,10,19,GER,46165,CA
1991,9,12,LYZ,2916754, 
1984,11,16,HOY,346950,CN
na,na,na,INR,2321242,AT
2017,8,24,WTO,N/A,CA
2014,12,2,MIY,2001456,CA
na,na,na,NGQ,1171675, 
2008,8,9,DYT,379383,GB
1992,1,13,JBV,2705304,AT
2006,4,2,GVE,798480,ES
2004,5,7,QWJ,1768015,JP
2018,12,21,BKY,2346317,CA
1999,5,26,JQI,1560004,AT
2016,4,20,ARV,390650,CN
2009,12,17,YLG,1628990,AT
1996,7,27,BPS,2077879,JP
2016,8,27,OZJ,1120472,AT
missing,missing,missing,PAJ,1344360,GB
1983,10,12,GVR,2774523,AU
1989,11,14,IWK,897958,JP
2018,10,12,KNI,1775017,NZ
2010,9,10,ZLW,1789339,CA
1991,7,4,ANT,N/A,GB
1985,1,20,MJC,1473399,NZ
2005,11,12,ORQ,349062,ES
2003,5,26,MTI,529233,GB
1990,4,20,VGP,630990, 
na,na,na,DRM,971681,AU
2016,12,23,PIU,1836271,JP
1986,11,28,ZHV,2339811,JP
2015,11,3,RSY,2048271,CN
1992,11,12,XUC,3155066,NZ
1992,6,20,FYK,1075345,GB
1982,2,6,FVE,1730148,AT
1994,11,25,WAC,1129842,ES
1991,1,21,USR,N/A,AT
2012,6,7,XZO,2752074, 
2015,7,23,SGT,624434,AU
2005,11,20,GOZ,1377509,GB
2009,7,4,MES,10297,AU
1981,9,10,QNY,1826878,CA
missing,missing,missing,SYQ,3208870,NZ
1993,4,6,CGY,430210,AT
1997,8,7,QPX,2793133,GB
2000,7,20,RSA,1824021, 
2014,12,4,TCP,826721,CN
1996,6,5,MLU,3291811,AU
missing,missing,missing,OGT,2013032,AT
2007,3,21,NBM,2366950,JP
1988,2,11,FCK,296788,GB
1984,3,15,GHM,333618,US
2008,11,17,QTR,1385644,CN
2008,7,28,QMY,832279,CA
2016,10,14,OSR,2943503,CA
2007,1,12,OKQ,2290921,JP
1986,7,3,CXV,391521,CN
2001,3,7,YBV,1595504,ES
2009,1,27,OWI,1529829,ES
2016,12,23,DVE,2089718,AU
1989,1,21,DZV,1286017,US
1981,10,21,RFW,1521697,NZ
2007,1,26,CTA,406137,GB
1980,9,20,LDS,773452,GB
2014,3,15,HAE,2420744,AU
2003,1,16,HVR,2154991,AT
2006,10,8,MCF,792155,AT
1992,6,8,NKU,N/A,CA
2018,11,10,AVU,320091,CN
1996,11,10,AXG,514092,AU
1987,11,13,UYM,2809103,GB
missing,missing,missing,KIB,469339,AT
1992,5,15,OAG,3091227,US
1998,9,15,DLV,426785,GB
2016,6,28,WYQ,1777822,ES
1986,11,14,VUI,3104613,GB
2013,12,6,YKA,1798994,AT
1996,12,22,UHP,2898752,AT
1981,6,24,ZCM,3191768,NZ
1998,2,10,BGE,1369821,AU
1998,1,27,VKF,276220,GB
na,na,na,DWS,2353051,CN
1981,2,25,FKJ,2399110,GB
2007,12,6,EQN,835867,NZ
1988,9,6,HLD,2507300,NZ
1990,2,3,EXR,589666,NZ
2010,10,28,KZG,1435239,AT
2007,3,11,TAV,2805529,US
2012,9,21,OEU,2135076,CA
1986,2,8,SAL,2601048,CA
2017,5,11,WCR,2712315,GB
1994,3,17,TXE,1862934,NZ
2015,5,1,OTM,2133664,CN
na,na,na,RTJ,N/A, 
1981,5,1,WAH,1675620,CA
2005,11,12,MIO,796805,ES
1997,10,24,MBL,N/A,NZ
missing,missing,missing,TFM,2872306,CA
2017,12,5,CKV,N/A,JP
1988,6,10,QUX,1947974,GB
na,na,na,DZV,1736974,AU
2010,12,28,KUX,1944027,GB
2007,8,24,AYS,N/A,GB
1986,1,23,PWE,1999383,US
2013,2,4,DZH,N/A,US
1999,10,21,PJN,1562535,NZ
1985,2,4,ZBJ,181978,US
1991,6,2,LUJ,2652029,AT
1983,10,20,PDL,1577704,GB
2006,5,19,EPN,1499539,AU
2010,10,1,MIY,2074527,CA
1991,11,13,AOD,3102194,ES
1997,5,6,VFB,1673906,GB
na,na,na,WDO,832918,CN
1998,8,15,DNC,2123280,CN
2008,11,3,MCY,1539405,CA
1985,3,7,PRW,1027114,AU
2007,8,17,BOK,670844,AT
missing,missing,missing,MFZ,2254339,GB
2013,3,10,EPK,1340668,JP
1999,8,25,YQU,503166,GB
2003,4,17,VCK,1140113,AU
1985,3,11,RME,431055,AU
2002,5,13,ABC,2125378,CA
na,na,na,UKH,3287366,ES
na,na,na,XKL,1380330,CN
2011,11,5,YVF,1876296,CA
2000,5,15,CKI,1447608,NZ
1986,10,3,EAH,1738611,CA
1999,9,17,QMX,2331362,NZ
2012,2,21,ZGB,1834517,JP
2018,12,8,VUB,1257210,AU
1992,4,15,ZKU,874151,JP
1984,9,28,BZW,732687,NZ
1985,7,28,XYG,972338,CN
1994,12,5,EHZ,2772620,ES
2018,10,16,HID,52251,AT
1981,6,5,CKN,3081535,GB
2002,8,9,XAR,756511,ES
1985,11,28,YKC,2048847,ES
2008,11,25,RPY,1640490,JP
2009,2,20,PVE,2648618,US
1989,3,18,TLM,1022195, 
2017,3,12,NPZ,N/A,CA
1982,4,7,URL,1865273,CN
2013,1,13,SPE,428937,US
na,na,na,LTI,2465660,AT
1990,12,27,JBI,157802,NZ
1983,8,11,WVS,1394116,JP
2016,4,20,KZS,2513951,AU
2013,6,10,BTS,N/A,CA
1992,4,28,LEH,2489492,AU
1991,4,3,SYC,464193,CA
2015,5,15,BLZ,2583766,US
1998,12,3,LNG,806412,NZ
2000,1,28,WKZ,469770,JP
2017,6,14,AOI,2233764,NZ
2011,4,14,WZI,1544042,AT
1985,5,27,WDC,397090,AU
2012,12,8,NEA,N/A,ES
1992,5,18,NEP,3267998,GB
2016,6,13,KPC,3035511,AU
1983,6,23,DBM,1004901,GB
2013,3,14,XBG,1897755,US
1993,10,10,EUT,650041,ES
1981,4,28,VWX,2367900, 
missing,missing,missing,MIZ,752187,AU
2003,3,8,BSN,2027747,ES
missing,missing,missing,MTF,839643,CA
2009,1,6,IUC,645429,AT
na,na,na,KUP,1542100,CA
missing,missing,missing,IOE,448768,AT
2011,2,11,VUK,1595618,ES
1998,12,7,BUM,2731598,CN
1986,6,13,IYR,N/A,ES
1989,11,24,NKJ,2684522,AT
1993,9,12,KZO,2707051,AT
1996,10,11,MRU,723729,AU
1988,1,13,OXU,2651486,AU
missing,missing,missing,LRG,846193,NZ
1993,8,3,ONT,313628,JP
2016,8,16,TYS,202388,AU
2000,8,20,CJZ,2256887,NZ
1981,5,10,QNI,2838332,CN
2004,1,10,YHS,2436422,AU
1989,1,2,VKF,1791507,GB
1981,4,9,PEM,3161881,JP
2007,3,1,XDJ,2617852,US
2016,12,3,FQZ,1990772,CN
1988,4,4,QON,861077,GB
1980,5,13,VJE,1548158,ES
2012,5,24,QJC,1074089,CN
na,na,na,BLH,806004,AU
1994,12,24,GFU,2612127, 
1999,10,28,IYZ,2374111,CA
2007,2,3,LSB,322551, 
2011,12,9,ZGN,2278872,NZ
1996,5,12,EBX,3153439,ES
2013,9,10,IZH,3307848,JP
1983,1,13,IUC,892453,JP
1988,7,21,FZH,525796,ES
2014,8,26,KOP,N/A,ES
1995,10,10,FXS,1249366,CA
2005,6,4,HDB,2729681,JP
1999,9,22,OAC,381359,NZ
na,na,na,OWY,645636,AT
1987,10,28,RIL,707851,AT
1980,2,11,EQI,836682,CN
2016,6,6,KCH,2018052,CN
2009,6,18,TBN,205106,US
na,na,na,XCH,1863205,AU
1998,11,1,JVY,N/A,AU
2006,11,25,ECI,2263250,NZ
2001,2,1,MSU,3114023,NZ
1998,9,24,ZFB,1193444,ES
1991,10,15,TUY,1670006, 
2007,11,21,ZMS,1434081,ES
na,na,na,YLT,2449290,CA
2003,2,16,TCR,2913678,GB
2004,8,13,LBY,483403,AU
1983,5,21,CUR,1955459,US
1999,9,25,HMD,1821194,GB
2008,6,12,AUV,513785,ES
1983,6,14,ZCW,1375128,US
2008,8,24,RLN,423630, 
1987,12,2,YTQ,804149,CN
1983,2,22,CLO,1564110,ES
2000,9,4,FNE,191639,GB
1993,1,4,JAR,1429521,AU
na,na,na,QNU,2263229,GB
2006,6,26,NHQ,599333,ES
2008,10,1,YOH,3114274,CA
1995,1,21,NCX,1244438,US
2011,4,24,WPD,2137782,CA
na,na,na,FGM,N/A,US
1998,11,3,XYD,3324720,NZ
2008,7,1,OBC,608522,US
2018,3,17,GVK,2519386,AT
2004,8,21,SAZ,1866444,JP
1981,9,23,BLY,2315331,CN
2017,8,16,FTP,528751,AT
2016,9,20,GFX,1639386,AU
1994,6,27,GQP,2516043,AT
1985,3,3,KMZ,2190395,AT
na,na,na,IJF,N/A,ES
2007,12,16,STH,3159781,ES
2018,8,22,EVG,274740,AU
1999,9,24,FWL,1891153,CA
1998,12,12,KNH,2496807,CA
2008,3,27,IJW,3297165,AT
1992,4,26,FIV,743858,ES
1992,6,12,IUF,3013754,AT
2006,8,3,NLQ,764560, 
2003,5,2,VWN,131208,ES
2015,9,21,DOI,762635,JP
1996,5,18,GKB,3212189,AT
1989,4,23,QLP,197795,NZ
1983,11,9,KSB,2672034,CA
2015,7,17,ZKL,1972112,GB
missing,missing,missing,CFU,75834,CN
2012,3,15,ROJ,324910,ES
2002,8,17,PDW,1549090,CA
1997,7,24,SOH,532534,GB
1994,2,13,QTM,3267355,GB
2011,1,28,JGU,3029067,GB
1987,6,28,TCY,2345383,AT
1998,2,18,PXI,44355,JP
2017,6,1,GSD,542658,US
1992,7,2,IXV,54589,US
1990,3,6,CXF,2717825,CN
2008,7,6,CZV,235734,GB
2010,11,27,CMG,296987,AT
missing,missing,missing,BOH,1947479,GB
2000,7,20,HWE,2428873, 
2011,2,4,PFE,1362448,NZ
1985,8,22,YIM,1565651,ES
1996,1,25,KWQ,1935403,NZ
missing,missing,missing,RPD,777319,JP
1992,8,26,OXJ,872214, 
2014,8,10,YEA,2037005,AT
2018,5,9,EOW,N/A,AU
2010,12,5,NIQ,2128239,ES
1998,12,15,GDR,1801757,AU
1990,1,21,LYM,3194381,AT
2016,1,19,OXF,868222,NZ
2006,12,2,HUF,303657,AU
2004,6,18,OJT,2167185,CN
na,na,na,ILS,511528,JP
1995,5,20,DAU,1313615,AT
1992,3,27,ZDW,514254,JP
1990,10,5,KOZ,2411941,JP
2005,4,10,CXI,375176,AU
1987,3,6,LWU,286969,AU
1985,6,23,KTA,1772971,GB
1991,3,19,GKF,737426,ES
2002,10,4,TKD,2013423,AU
na,na,na,QCR,1056164,AT
1999,1,2,GEH,408499,CN
1987,5,22,NVY,848054,AT
2018,8,3,DSO,2740804,US
2000,9,10,FNK,3051244, 
1980,5,12,VUF,602067,NZ
1995,5,9,EGL,2440314,ES
2010,10,15,HNT,2233951,AU
2001,7,10,PHF,2352314,AT
1987,8,26,LKQ,1656125,ES
2005,2,13,HEC,2969695,US
1984,2,24,PUE,1830654,GB
1995,12,10,PYB,2364128,AT
1994,5,13,VZT,1586332,AU
missing,missing,missing,ZWM,1818397,JP
1991,6,26,ZKS,1289256,JP
2006,12,24,HTL,1112294,GB
2001,8,12,FND,1238249,AU
2018,5,2,FYW,2128256, 
2003,7,4,KYG,2210626,AT
na,na,na,HLI,1675665,JP
1996,2,4,CIH,2265103,GB
missing,missing,missing,PXK,N/A,JP
missing,missing,missing,QNR,2279669,AT
2001,10,7,LCM,1651205,US
1993,11,26,PAT,1951015,JP
1981,3,14,SPJ,1595031,CA
2007,4,14,LMG,2976729,US
2016,11,13,SGR,2297788,GB
2011,9,26,FYV,1100732, 
1983,1,19,NLY,746477,NZ
2009,7,2,TBX,3242641,AU
1995,5,14,SEO,2523900,JP
2013,2,21,UCW,574096,ES
2017,12,16,OHF,1948646,AU
2008,11,7,VWR,1057729,ES
2006,1,22,JHX,194356,AU
2012,10,28,ICH,2644533,CN
2006,10,25,YTH,3079013,CN
2018,6,15,FGS,3063084,CA
1999,7,4,SDA,N/A,CN
1992,6,17,DXC,1166581,GB
2014,10,15,SHB,329487,JP
na,na,na,BUV,2665113, 
2003,2,26,KMO,2966272,ES
2004,11,25,EMI,2562702, 
1981,4,23,FQK,1046773,US
1989,9,28,KMV,464891,JP
2004,9,4,FXY,463290, 
2000,5,11,BKI,15715,JP
1989,2,10,SIV,2769945,NZ
1983,11,3,BVE,1341163,GB
1990,12,17,MPC,2996260,AT
missing,missing,missing,SUW,2223410,CN
2003,9,13,RTV,3101945,JP
2014,12,20,YAF,2051788,GB
2016,2,28,PIM,2875126,US
2009,8,22,ICZ,1047702,GB
2002,11,18,CMP,890432,CN
2004,12,24,VDR,1670356,AU
2003,6,19,EGP,642616,CN
1991,5,13,CHU,2773697,JP
1984,8,10,KXT,1912065,JP
1987,10,3,CUE,893274,AT
2005,2,19,INP,2792252,JP
1993,12,23,WSY,1641275,JP
na,na,na,QBU,109289,CN
1996,9,18,BQP,1745514,ES
2011,11,17,QPD,414866, 
1993,6,2,BAP,1583387,JP
1994,5,19,KZQ,981059,GB
1999,7,12,WSQ,2408157,ES
2012,5,11,AWN,966839,CN
1992,2,28,NWT,390818, 
na,na,na,XGM,3095505,AT
2010,12,15,NBS,1355025,JP
1990,3,6,EMT,1161166,AT
2007,3,9,CIA,1463904,AU
1982,5,18,VMF,1634520,CN
2013,3,6,QYW,2867923,AT
1983,5,1,CJR,1761345,JP
2005,11,15,GHU,3156650,AU
2016,2,9,NVC,921765,NZ
1987,4,27,SCJ,3201523,US
2001,3,7,EFP,2548405,GB
2005,1,11,HJQ,2667484,US
1991,2,20,YPU,2698950,NZ
2000,4,12,GCM,1474316,JP
2005,10,18,AEH,3259006,US
1989,12,17,JFK,2206079,CA
1999,7,13,KWC,1234981,ES
1980,3,18,AOQ,309934,US
1986,2,21,BKL,1683390,CN
1996,3,28,BCU,2797106,GB
2007,6,1,IPT,2500107,JP
1989,4,19,JKD,3093001,US
2005,7,22,YDQ,2992711,ES
1999,6,21,NTE,2357424,JP
2011,12,9,ACK,N/A,AU
1990,12,3,EGA,3053758,NZ
na,na,na,SAK,2850564,ES
1998,1,12,ZUY,2077402,JP
2006,12,10,ZLE,2808480,CN
1982,6,21,TGC,2408413, 
1994,5,18,PHW,1443610, 
1982,11,23,AMT,1052647,AT
1998,10,17,IRB,2493941,CN
2015,4,2,CAJ,3211491,ES
1991,7,19,LGQ,1036752,NZ
na,na,na,OHM,1229778,ES
1987,6,8,NSK,1131769,US
1990,4,4,PME,1266002,AU
1989,9,13,QBT,491620,US
1980,6,13,HKD,345423,JP
2013,10,4,HFC,2050922,CN
2002,7,27,LKP,1661650,NZ
1980,8,16,FJQ,858632,US
2013,5,2,LPZ,N/A,AT
2003,1,17,RWC,1904486,NZ
1995,6,13,IQA,3090460,AT
1997,9,3,CSZ,345301,NZ
1980,7,2,LAO,2379824,GB
1986,2,28,IDX,245039,ES
1990,8,10,RUW,1080734,JP
2013,2,8,GYZ,755922,AT
1997,8,11,HGZ,2558998,ES
2010,4,3,LQO,1771411,NZ
2004,7,28,YLR,314479,NZ
1988,8,13,CJI,3007445,ES
2002,5,24,LSU,3118840,ES
1983,2,2,DGQ,3188205,GB
1998,2,1,CFY,1159052,NZ
2007,5,22,VEB,466765,JP
2010,9,18,NCO,1104532,AT
na,na,na,JZQ,2889165,AU
na,na,na,HFW,123930,CA
1998,9,1,PZQ,3171836,CA
2001,11,7,ZOQ,N/A,ES
2010,6,26,OJH,3076992,AU
2013,3,1,AQV,3036853,AU
1994,10,25,NXD,N/A,JP
2006,2,8,QSN,N/A,JP
2000,12,9,FWR,3205700,GB
2014,8,16,QWK,2145106,AU
1988,11,28,GUO,2775121,JP
1989,9,4,EXQ,608288,NZ
na,na,na,IAW,3071689,CN
2007,2,16,GZP,1067394,AT
1998,3,24,EMA,58571,CN
2011,10,28,ZKR,2249549, 
2017,12,25,YRZ,1007183,AU
na,na,na,OIK,1906466,JP
2006,11,13,PJI,1910536,GB
1989,3,25,ZSU,1276995,NZ
1994,7,20,HJM,N/A, 
2007,8,6,TDW,488240,AU
na,na,na,XJR,N/A,NZ
2016,9,10,QIJ,1671522,AU
missing,missing,missing,DBS,3067534,CN
1996,5,8,KTP,2403487,ES
1992,7,11,ETZ,911913,AT
1986,9,18,FTN,N/A, 
2004,7,7,QJB,2100782,ES
2012,9,17,LAU,679137,ES
1986,5,11,CTA,3005568,JP
2010,12,14,VIF,372278,US
2004,7,14,NUC,1195728,CA
2012,10,7,HIB,2068467,AU
2014,11,13,ZWE,879238,US
2015,9,12,JDK,777646,AU
na,na,na,CAF,1376416,ES
2013,1,18,JPS,2142671,US
1994,4,11,DJX,1169119,GB
2013,1,1,LSQ,2605755,NZ
1982,5,22,RGE,3221180,CA
1996,8,17,FTS,1737673,GB
1981,10,11,XYO,1424599,GB
2006,10,13,CEB,1831881,US
1994,5,9,UZD,853748,CN
2012,4,3,DQF,1608008,AU
2006,5,14,JXN,3204024,GB
2007,2,11,BKV,2907861,JP
2000,10,13,OJV,2194459,ES
2012,5,4,WMZ,1936637,NZ
2014,11,11,OBZ,1263044,GB
2007,5,20,SXL,2127059, 
1985,10,16,WGY,2965942,AT
1980,12,16,PHC,1362163,AT
1994,11,18,XMQ,2230643,CN
na,na,na,PWG,1556847,NZ
2018,9,21,NJZ,574802,GB
1992,3,10,ADG,396349,US
1982,12,19,WZX,2294241,CA
1987,12,19,OCH,1431108,AU
1983,2,12,CLB,2277563,AT
2010,3,12,LKJ,N/A,US
2015,3,14,VBE,1924575,GB
1996,10,5,SPY,2043490,US
1991,12,7,JNS,1055820,GB
1981,12,2,LTJ,2235946,AT
1999,5,20,QPV,1948854,AU
1996,1,2,QFT,1197703,US
2010,1,15,ZHW,1909102,AT
1995,11,7,BYN,3239390,ES
2018,4,2,KWV,1737745,GB
2018,2,24,QVD,465166,CN
1991,9,8,VRZ,2168343,CN
2009,7,6,HBE,2337642,US
1985,7,21,LPJ,223385, 
1996,5,23,SWD,1974932,US
1995,8,13,NRL,3039016,GB
1999,12,20,FHI,334600,US
2015,6,5,EUX,1853482,AT
2018,5,21,GNY,1098860, 
1997,5,20,OBV,819328,ES
1997,11,7,LAH,N/A,GB
2013,12,5,SJR,142112,ES
2007,5,27,QRE,2958131,AT
2016,11,1,ZPO,741164,US
2002,11,12,GEP,116908,ES
2000,6,21,KET,3066467,AU
1995,8,5,ASY,557850,AT
1998,8,28,DHO,1697285,AT
1984,5,18,SHE,1651322,NZ
2001,3,2,QOV,691616,US
2007,5,27,TXS,2712063,US
2008,12,12,RFW,698961,JP
2000,3,3,BFK,1130767,ES
2008,5,28,HXT,1131276,ES
2003,6,2,UHW,3092624,AT
na,na,na,VXL,3036080,AU
2010,10,25,EVA,291733,AU
2005,9,22,YXQ,2385014,AT
1982,1,15,EPO,263090,US
2012,9,23,ZHW,2583098,US
2015,8,27,HVJ,1309278,CA
1991,1,26,NME,1702211,GB
1984,5,28,PCQ,584959,CA
1993,6,10,XIT,2077243,CN
2011,2,26,QKE,892278,AT
2004,6,17,COA,920577,US
2011,3,5,EOH,570261,CN
missing,missing,missing,VPU,2282190,JP
1998,6,26,DIX,1150882,US
1990,3,8,SIJ,2691607,NZ
2014,2,8,TIU,1502522,JP
1999,6,13,IKU,841352, 
2002,12,27,EPK,2285550,AU
1987,5,10,XVG,2434061,AU
1982,4,9,UMB,1010777,AT
1989,12,4,VDX,1880217,US
1998,5,25,VLQ,N/A,GB
1993,9,21,VHU,594838,CA
1992,4,23,DQG,1993411,AT
1994,1,11,RGO,153140,AU
1988,11,14,NKZ,304497,AU
1999,6,20,LAF,282341,US
1980,8,11,OHQ,436518,NZ
1981,11,15,SNM,2916702,CN
1983,10,12,IPO,1435790,AT
1989,8,15,ZCF,497458,US
2013,9,15,EOM,532076,NZ
1992,10,24,OPM,3289300,ES
2016,5,15,OPT,2487773,GB
2012,7,28,HVO,N/A,US
1991,3,2,YNG,2761841, 
2010,8,23,OTE,566155,AT
1995,1,5,RMD,1858006,AT
1993,4,28,IOW,1149573,CA
2008,10,21,GSC,3172553, 
2003,7,23,NDS,664212,US
1985,1,12,PFU,891045,CA
2008,3,21,MCA,284986,JP
1991,6,2,RQG,1219500,AT
na,na,na,OYC,736488,JP
2016,4,2,DAB,787645,AU
1990,2,6,CJU,2187532,CA
2003,5,25,EBX,72580,GB
2016,4,25,OEC,1592747,CA
1994,3,28,LCJ,948895, 
1993,8,22,OUV,3276463,ES
1990,10,18,XLG,2138956,AU
1990,6,17,ERU,728752,GB
missing,missing,missing,WEB,610201,AU
1997,5,18,CTG,2293467,AT
1991,8,14,ZWA,N/A,AU
2015,3,10,AHX,1095614,JP
2018,11,11,DSO,273025,AU
1980,12,24,CJA,24667,CN
missing,missing,missing,FHZ,532965,US
missing,missing,missing,PWV,455066,CA
1988,8,27,UPH,59644,JP
1993,12,1,QNT,3211073,CA
1985,10,8,XDZ,N/A,ES
1990,11,9,SZB,1818627,AT
2000,11,18,IGE,N/A,ES
1982,7,5,HZU,1611759,AU
na,na,na,ZBQ,827488,NZ
2012,11,9,CMP,2826458,JP
2001,7,1,SDC,2683642,CA
2016,3,1,NXC,N/A, 
2000,5,1,VFD,2737363,CA
2002,11,20,HCS,2309725,CN
2005,9,22,VLQ,466597,NZ
1983,7,11,LXO,173227, 
1999,8,4,XBR,2976056,US
2003,7,13,YLU,2512069,AU
2018,11,7,XVO,1643701,CA
1991,2,12,AFK,1452797,ES
2010,10,3,YTH,230557,CA
1984,9,10,NZQ,76466,AT
na,na,na,BWF,2844488,JP
2014,4,12,UFE,N/A,GB
1987,10,24,OPC,2245643,ES
2004,9,11,VEL,3117835,US
2006,10,22,BLR,2909569,JP
1991,11,8,FUQ,651836,CA
1999,9,20,YPJ,2050644,ES
2010,9,21,SNR,2768641,CA
2004,7,9,PMJ,777563,ES
2012,7,5,UBM,872850,NZ
1993,1,2,JML,3115544,US
2016,3,28,PUC,707550,AU
2000,3,10,AER,2547322,ES
1999,7,7,NFI,2027241,CA
1982,11,11,GRB,2309617,CN
2005,5,3,IGX,2333926,NZ
1986,4,23,GLB,2229534,AT
1980,12,7,BIU,2711350,US
1993,8,3,FXB,1711361,ES
2014,10,22,VAW,539713,JP
1989,6,16,CRA,2292040,NZ
2017,4,15,VTL,1522517,CA
2015,7,27,XIY,1831081,NZ
1988,9,8,WDQ,3160321,NZ
2009,2,22,ENU,942769,JP
2007,8,4,MZO,N/A,JP
1983,12,16,TFE,2449752,NZ
2017,1,24,KFP,1548052,NZ
2007,2,23,VPO,2498245,JP
2004,8,14,VFR,N/A,US
2008,4,13,LOR,1131824,CN
1983,12,14,LXZ,1502000,US
1993,4,2,XCO,14404,US
1996,10,23,QAI,2703982,AU
1991,4,18,OSU,2215575,AT
1999,4,8,JFZ,1666716,GB
1994,2,11,SXJ,3149371,AT
missing,missing,missing,XSZ,2421996,US
na,na,na,CJS,686821,GB
missing,missing,missing,JWT,762261,GB
missing,missing,missing,RFL,1612913,JP
2002,5,12,QCT,2505569,CA
1997,9,21,EPF,2366992,GB
1997,10,1,ISG,1549520,AT
2012,1,14,JAH,271322,ES
1990,10,8,HUF,3290872,CA
1987,7,17,TNH,3239863,JP
1982,3,9,PHR,685539,JP
2017,5,15,WAQ,1479487,AT
2016,5,23,DGT,608380,JP
2010,9,27,XEM,494553,GB
2001,9,24,OAR,339661,JP
2015,12,15,ZJM,2981070, 
missing,missing,missing,ILJ,2375183,AU
1980,12,19,PRU,2390601,NZ
2010,11,4,YFA,3029060,AT
1987,4,21,RCS,1217212,AU
2002,8,17,MBF,3015720, 
1990,6,9,ORQ,2556838,ES
2008,7,18,PTY,20995, 
2016,4,19,FTB,2492192, 
na,na,na,ARS,3017189,NZ
1998,3,21,JPL,2960042,CA
2011,10,20,ABH,2354636,AU
1996,12,28,CQY,1994460,CN
1992,11,24,MHP,1391197,ES
1995,8,19,YBQ,3226054,NZ
2014,9,27,HBN,769638,NZ
2010,11,2,JDH,2509159,GB
2009,8,19,DYS,2662226,CA
2016,2,28,AWD,1776678,ES
1999,2,1,KCF,1825455,CN
missing,missing,missing,CUL,2531361,AT
na,na,na,LPS,3098204,AT
1984,11,4,KCA,2608948,GB
2000,7,28,JQZ,50339,ES
1991,9,15,NYB,425741, 
2000,1,22,TOZ,N/A,JP
1990,6,21,RVJ,N/A,JP
1989,7,14,UMY,1228291,AT
2015,12,12,RHX,3014919,AU
1981,12,11,XTL,1599712, 
1993,9,12,LJP,2826887,CA
1987,7,17,HED,2361085, 
2014,6,17,HAB,3213770,CN
1997,6,24,XOF,929288,JP
missing,missing,missing,TSA,2421093,CN
1996,10,13,WJQ,1007843, 
na,na,na,YCV,2555468,CA
1994,12,21,KNY,3022780,JP
1995,4,5,BHY,1220506,US
1986,7,6,OMW,2051778,US
1989,11,8,PKI,3160382,AU
1986,4,26,RVB,1719133,AT
missing,missing,missing,YDA,2355323,CN
2016,9,27,PEU,698137,GB
2011,6,18,DCJ,532535,ES
1986,12,9,DXL,2790894,CN
na,na,na,BQU,2165481,AU
2011,12,13,NHM,1920961,NZ
1989,11,11,QPN,5389,US
1986,7,22,YUS,3322272,AT
1995,4,16,SDL,1776515,JP
1997,1,13,EDT,3198919,CN
2010,7,24,QBA,778446,JP
2011,1,19,LUG,349076,AU
2009,7,2,DLW,2707984,AU
1993,10,2,PXZ,2253137,AU
na,na,na,HKZ,1561760,US
1984,2,7,DRF,1174458,US
na,na,na,XVT,3247471,ES
2013,3,5,FHU,660727,AU
1990,3,3,KWY,3067806,CN
1982,11,20,KDG,3154801,ES
2001,10,26,PJW,310205,GB
2001,10,11,CTJ,1099547,NZ
1996,10,20,EUQ,910579,AT
2016,9,5,LOF,490823,AT
2006,7,3,CIO,1315336,CN
2012,10,16,KHY,739134,NZ
missing,missing,missing,PFD,1588442,JP
2005,7,27,IPT,1333786,CA
2013,5,27,DKJ,N/A,JP
2003,11,1,EXD,N/A, 
1989,11,15,NTK,2336178,US
1985,11,11,NXE,1287888,US
1986,1,20,NZP,2483398,US
missing,missing,missing,ISE,2116663,NZ
1990,10,8,ZVC,1175647,US
1989,2,18,OPW,2105751,JP
1983,2,20,DVP,2902555,AT
2017,9,9,WYP,450550,AT
1989,2,1,ZWD,2617101,JP
2016,6,22,SVK,2771314,CA
1995,7,27,WYV,3208685,CA
1991,9,23,MPL,903211,AU
2017,6,6,FHB,1094485, 
1982,3,18,RMS,894755,CA
2007,6,10,DCI,1353718,AT
1994,3,15,LND,3115431,JP
missing,missing,missing,JSM,2938280,AT
1990,4,10,LEQ,2722302,NZ
1998,9,8,HCG,283563,ES
1996,2,10,SJP,2086186,GB
1995,10,27,SHI,2304549,GB
na,na,na,VZQ,628429,US
1987,2,26,GAB,208105,AT
2003,5,1,YVO,781721, 
2006,1,6,WRO,3094430,CN
2006,4,6,WXJ,278371,US
1993,3,20,WFB,1859387,CA
2012,11,18,TUI,1517928,US
na,na,na,XIR,3220718,GB
1998,5,10,ULS,2332766,JP
1981,11,25,GZS,1089968,NZ
1991,7,3,CTN,1492365,GB
2005,8,23,STM,205549,JP
1998,6,9,FXR,1442692,US
1989,2,13,EVF,629394,CA
2017,5,8,WVY,1046034,JP
na,na,na,JMW,1858391,AT
1988,8,8,QBX,485793,ES
1996,10,8,AGW,2994103,US
2000,2,10,CAK,405351, 
1992,5,19,OXA,2217430,NZ
2005,7,19,JUR,1908685,NZ
1987,10,6,YDP,1679804,CN
1992,12,25,HLU,N/A,CN
na,na,na,WCB,427957,US
2010,3,18,KOS,2433530,AU
1987,1,22,YSL,2705511,CA
1996,4,8,JPH,2440766,GB
2001,6,24,BHF,2664920, 
2001,7,22,KNI,2340419,CN
1998,6,7,PGZ,1006421,GB
missing,missing,missing,QKD,2461408,NZ
1985,6,3,TBX,330452,CA
2006,9,10,MJK,801721,GB
missing,missing,missing,NBU,2544805, 
1986,4,19,GTD,2832591,AT
2006,6,18,ITZ,1521408,US
1990,1,7,IRN,2730486,CN
1997,1,4,LZX,638023,CN
1980,2,8,UXR,2231688,AT
2011,12,9,AUW,767717,GB
1986,6,8,NIY,941613,AU
2017,3,1,QYZ,3301960,CN
missing,missing,missing,AMU,1011156,AT
1986,11,25,KSV,1624640,GB
2000,1,4,SRY,1905857,AU
1996,11,25,DUS,1012701,NZ
2003,9,19,ISR,2863551,NZ
2004,7,14,KBZ,509067,NZ
2003,9,27,RHL,709476,US
1987,12,14,JVB,2142010,JP
1986,3,28,EMJ,N/A,JP
2002,2,21,BST,2699318,US
1984,1,18,APN,903260,AT
2003,1,24,WFE,1430284,US
2003,9,2,VKY,2252713,CA
1994,11,21,RHX,1868735,CN
2012,3,12,PWV,1374004,JP
na,na,na,XDM,3073710,US
1994,2,23,CQO,652147,NZ
2008,4,11,MNU,2347188,GB
1982,11,22,IAU,3069012,CN
2003,10,6,LYE,1289373,NZ
1986,7,12,INE,1911118, 
2018,1,15,ORK,561017,JP
1983,8,26,JYF,1258191,US
2015,4,18,FWE,1616305,CA
2008,10,18,KFB,3086395,NZ
1984,8,17,NTA,2958766,CN
1993,6,13,NSA,545802,AU
2007,3,1,QUY,N/A,AT
1984,3,9,YZB,2388299,CA
2008,4,1,GEJ,N/A,CN
na,na,na,AVY,3118330,JP
2003,2,5,EOF,889442,CA
2000,4,23,CQN,727249,NZ
missing,missing,missing,WTL,2586076,US
missing,missing,missing,NIS,949021,AT
missing,missing,missing,OLA,3204211,NZ
1998,6,9,FZX,3313903,US
2017,2,11,JVM,2799114,GB
1990,1,1,ZPG,N/A,AU
2002,7,20,ARJ,2134709,GB
missing,missing,missing,ORF,1666549,AU
1986,4,28,ZAU,3128098,JP
2000,11,6,MEY,3239650,GB
2018,12,8,WLX,2134565,CA
2013,9,6,SDT,419384,CN
na,na,na,JXN,2849482,AU
1981,2,13,QZX,2112230,AU
1980,4,19,VZK,2147710,AT
1988,6,13,GQR,1602298,AT
1988,5,13,YPF,541112,JP
2011,5,18,GCU,1938503,CN
2004,11,3,ZHN,137474,AU
1981,6,19,KTW,221065,US
1983,2,1,OXY,140526,GB
na,na,na,HMD,375228,CN
1995,12,8,DGU,2334248,ES
1991,10,26,LDP,2044200,JP
2006,4,5,DWH,3055119,NZ
1992,7,22,KSJ,1942886,GB
na,na,na,HSO,265709,AT
2010,10,6,WKT,1023659,US
1995,3,27,QJK,2304094,US
1981,4,16,VSC,1382885,ES
1996,10,17,QEB,2653114,ES
2007,1,13,FXE,2445271,US
1984,10,17,OBU,7606,ES
2002,4,9,KRA,2393990,GB
2012,4,4,IMU,1892523,US
2006,2,12,ACE,1571440,US
1982,10,8,WSY,401975,CN
2006,10,25,HSA,1842114,JP
2003,5,15,JGS,N/A,AU
2017,7,9,SJZ,2528834,JP
1981,2,27,GIE,2781408,CA
2018,3,16,YWC,2283959,JP
2005,6,17,WHR,962426,AU
missing,missing,missing,FQW,2088915,AU
2000,8,11,NDU,2667434,CA
2007,5,4,HGF,2126013,JP
2010,7,3,BND,645360,US
2001,10,17,PNW,1830025,CN
missing,missing,missing,WCV,223652,ES
1998,12,13,VAI,616538, 
2013,9,3,EOW,1067723,JP
1989,8,8,SMG,N/A,CA
2008,1,26,LIW,2320666,ES
2008,11,15,RSW,145108,AT
1982,2,16,SKA,2321491,AT
2005,2,16,KBC,1715162,JP
2016,9,21,RZI,625744,CA
2009,4,18,QEO,1004326,CA
2000,1,22,YDW,3250707,CA
1982,4,20,GXY,2832586, 
2018,2,2,NZH,1515775,CA
1987,2,18,TSL,926504,GB
1998,7,21,PKL,2708516,AU
2013,5,19,GLR,558190,NZ
1988,6,4,GHK,572998,JP
1992,11,13,BCK,1384936,JP
1981,4,15,QLY,1349940, 
1984,4,19,JER,3218701,GB
2018,10,4,AEY,109419,CA
2008,1,5,BZX,1135310,GB
2018,7,15,ESC,2950095,AU
1987,5,14,UBL,713444,NZ
2002,12,6,HBN,N/A,US
2007,6,3,MXW,1749752,CA
2001,9,25,QNV,2691319,CA
1990,3,9,CTE,510198,NZ
1994,3,23,MVS,1913114,CA
2005,5,15,JKZ,1248883,AU
2017,2,27,LFX,1523979,JP
1998,3,7,VQB,3012676,ES
2016,5,11,IUJ,140194, 
2001,3,6,ROY,84492,GB
2012,3,23,HER,2007803,US
2008,12,6,AYH,3326941,AU
na,na,na,JZC,1553765,AU
1982,9,13,OHX,N/A,ES
2013,8,2,JXW,2886092,AU
1992,1,27,STE,1878681,US
1989,11,22,HNK,2741744,JP
2006,9,5,UHI,2481044,CA
2010,10,26,HEV,1850221,CA
1982,4,11,APC,1248179,AT
1998,8,21,JZU,2128770,US
2017,2,13,IZY,2460947,US
1995,4,4,LHB,179482,CA
1988,8,19,APJ,1118397,NZ
2010,2,1,HXM,1622074,GB
2003,6,25,UFJ,2321908,GB
1985,10,20,ZJF,1641593,NZ
1994,11,23,NDK,2183483,CA
1982,9,24,ZMQ,N/A,US
missing,missing,missing,RGQ,2178817,JP
2000,7,26,RDM,3181627,GB
1993,2,1,PNJ,1041886,NZ
2007,2,17,SRF,702887,AU
2002,3,16,PEI,2957454,GB
2011,12,13,CLZ,1615815,AT
1983,4,3,JKY,1736847,GB
2018,9,19,IOZ,2378391,GB
2011,5,23,AGK,750138,CN
1999,1,16,XPH,1593523,ES
2009,10,16,FQA,1314015,CA
missing,missing,missing,PUK,1829096,JP
1999,5,2,YOI,2176443,US
1989,5,15,TKD,2040556,ES
2007,9,11,QOD,3144296,CN
1997,12,9,ZKP,2462852,NZ
1996,8,10,UMR,636562,ES
1986,7,21,HAT,1151487,AU
1982,3,18,MHF,1143756,JP
2008,7,19,HXN,364142,ES
2000,12,22,CTJ,2211749,CA
2018,6,14,WHD,2527906,AU
2014,5,21,NBS,2624899,ES
1995,11,21,XDT,960650,CA
1983,3,16,BEV,1578332,CN
1988,11,8,VTW,2575022,CN
1990,7,17,GYA,1387417,GB
2016,3,23,QVE,3326215,AU
2007,5,15,GLI,2277591,AT
missing,missing,missing,HMP,2323351,JP
1992,8,2,BJF,1768023,NZ
2007,7,9,WQR,17346,GB
1995,12,2,YJA,2386856,GB
na,na,na,MFC,452998,US
2010,11,23,MEL,2762046,NZ
1999,4,23,LEB,N/A,US
2002,5,20,QAJ,2330341,US
1988,12,26,AQU,1158814,ES
2014,5,24,AKX,65169,JP
2011,12,25,VMX,1019879,JP
1982,12,14,CLJ,2726772,US
1980,3,27,WDK,2016480,US
1995,3,7,QWZ,N/A,GB
1981,1,11,TSO,702937,US
1997,6,16,XAZ,274650,ES
2010,11,19,UBL,797535,ES
na,na,na,ZSO,1655592,ES
1997,10,16,OJZ,103606,JP
2018,5,20,QPB,198871,JP
1987,4,14,IYG,3097570,AT
1995,9,6,AOT,800593,AU
2011,11,12,PGS,2967116,JP
2005,6,16,GUM,3260234,AU
1994,7,16,RQE,1342341,CN
2016,10,2,OGS,1321403,NZ
1981,11,24,WTV,2006358,ES
1998,3,6,GLI,N/A,AU
2017,6,14,NUA,1443461,ES
na,na,na,YMK,549919,JP
1992,4,25,LQF,354666,US
missing,missing,missing,WMJ,3110777,US
1982,2,18,AQJ,3071545,AU
1988,9,16,BKT,3062167, 
1982,5,12,JNQ,610665,NZ
na,na,na,CRY,1963219,NZ
1985,10,21,SKD,3228333,CA
2012,6,20,OMI,2065007,US
missing,missing,missing,OED,2273984,JP
2015,3,6,QXR,N/A,NZ
2017,9,2,JUC,766260,AU
2000,3,14,HDT,407632,GB
1995,9,20,JWM,1515615,AU
1984,2,8,XEF,2250634,AU
2010,6,26,NQX,156213,AU
missing,missing,missing,CQH,1042678,CA
2003,8,27,MPZ,313906,CA
2001,3,20,VEX,2228218,ES
2004,7,18,ZSG,2948633, 
1982,4,10,TJB,2842647,CA
2013,4,26,THV,2432094,AU
2014,2,8,YLE,111050,US
2010,3,12,PRU,3295257,AU
1998,3,15,BJM,1315257,CA
2000,11,1,SUH,1941716,AT
1995,11,3,WLR,1514344,CA
na,na,na,OZU,1754442,CN
1987,7,27,ZJO,3214569,JP
1987,2,3,DVY,2951740,ES
1986,12,11,NQP,2637777,US
1980,11,1,QMB,815249,CN
1994,7,5,PYB,852635,AT
1993,3,16,RHD,2856779,ES
2003,5,13,WBM,2916332,CN
1984,4,1,JMT,1312899,CN
1992,1,24,MKZ,1632906,NZ
1999,5,6,BLM,73167,JP
1980,11,3,TJC,2411471,CN
1991,1,15,CNK,1340129,CN
2014,7,16,WXO,643694,JP
1984,5,15,RXI,3075304,US
2000,2,4,ERF,N/A,AT
2000,5,18,VOF,2179898,CA
2013,7,10,PTI,2528439,AU
2000,9,19,JOA,867199,AU
1981,5,24,AEB,2452702,US
1982,4,25,XHP,N/A,JP
2005,6,20,ZJH,735222,GB
2010,7,21,FIA,1236353,CA
na,na,na,AMB,1812267,AU
2005,4,1,OIX,8890,AU
1996,5,5,MVR,1658529,AT
2005,5,24,EGB,993713,JP
2012,1,27,ESC,1740124,NZ
1991,11,19,NAR,496691,CA
missing,missing,missing,TEZ,204436,CN
1984,11,1,QNZ,521261,ES
2011,5,1,EUF,527537,AT
2016,3,14,BVY,451608,JP
2008,2,6,AIL,2193119,GB
1995,4,2,ZED,2708461,AT
1988,11,11,WUZ,2884612,JP
1982,2,12,EWG,1062193,CA
1983,3,7,YZK,1220994,CN
1987,1,8,HWY,1914744,JP
2016,3,9,UCH,723284,ES
1991,10,4,YMX,1781633,CN
1983,8,25,XNG,474891, 
missing,missing,missing,FOU,165122,ES
1990,9,9,XHK,1609476,NZ
1989,7,16,MYV,2868916,JP
1981,12,8,SDE,247783,CA
missing,missing,missing,ZJT,2007635,US
1998,1,4,XLA,876910,JP
1981,9,26,LSX,1656680,US
1988,12,25,TEZ,1551229,GB
1991,4,26,KXU,815674,US
1990,11,22,ZAK,378660,CA
2003,10,4,LNR,622749, 
1993,8,22,KTX,2993503,CN
1987,9,12,LIU,768093,JP
1980,8,13,RKT,1039019,GB
1981,8,16,JNV,2408564,NZ
2010,2,15,YKB,1357429,AT
2006,1,20,HEI,1371454,JP
2005,5,9,ROL,666202,CA
2009,11,14,BFW,1621160,GB
2013,6,19,BZE,2908068,CN
2018,6,18,QJZ,2934874,CN
1981,4,4,CYS,2168680,JP
1986,6,12,LRI,1847019,JP
1987,1,3,MGS,1160613,AU
1980,4,19,QSD,3216757,CA
1980,4,19,BMT,1912194,CA
1999,5,22,GEJ,717823,GB
1984,10,27,CQR,1380281,JP
2000,9,22,VPQ,1848471,AT
2011,2,2,GMB,908693,CA
2002,10,14,NCL,195967,GB
1989,2,15,FBC,1419353,CN
2007,11,28,MTH,3082278,AT
1990,4,14,EVR,1830331,NZ
2001,2,10,OXL,69615,GB
1989,7,14,WGH,2098792,AU
missing,missing,missing,PHJ,444659,GB
1994,7,22,FAC,1441198,CN
1997,7,19,JQO,458201,AT
2018,3,24,JDH,N/A,AU
1991,11,2,FKL,N/A,GB
missing,missing,missing,XML,1782155,US
1981,11,14,USI,230029,JP
na,na,na,UBJ,1411345,AU
2002,10,26,XJR,293421,JP
1982,9,20,YZV,1160251,GB
2010,10,27,BZO,475290,NZ
missing,missing,missing,OHM,N/A,CA
1992,8,16,IRU,3046195,NZ
2014,5,18,MOF,2453327,NZ
1981,11,4,PYT,468138,CN
1985,6,17,TRK,1098990,AU
2007,7,13,AFX,3174537,GB
2007,11,2,AZW,2189255,US
2016,3,21,DKO,3290465,NZ
na,na,na,EWZ,1860365,GB
missing,missing,missing,RSG,1543907,JP
1997,8,17,KGN,2307807,JP
1994,4,17,ADB,1425130, 
1992,11,5,PBU,3181429,GB
2009,9,20,MZA,N/A,US
2009,1,23,QFC,1815386,US
1987,5,2,LAD,1851168,CN
2010,2,17,LZQ,2880706,AT
1997,10,14,CVY,2486628,CA
2006,11,26,YLT,1040720,CA
2007,7,12,UHT,N/A, 
2008,4,17,CFQ,1201266,NZ
1999,7,4,QDB,786746,AU
1989,12,13,DVQ,1785970,AU
2013,8,14,ERL,3277165,AU
1984,8,24,MCZ,2026218,US
1984,12,13,JEC,2562423,CA
2001,7,11,GEU,2872190,ES
1996,12,20,FOI,1318305,US
2004,1,13,IZW,2699742,GB
2013,9,1,YPW,2736460,ES
2017,12,12,XNW,2486035,AT
1981,10,19,AJZ,2510524,AU
1991,1,5,OQF,1469318,GB
na,na,na,WDB,474779,JP
2014,6,18,ECK,952674,CN
2007,4,28,WHO,1984386,GB
1995,2,10,LVW,2780599,ES
2016,1,7,CTB,1688830,ES
1993,2,21,MTS,3006516,CN
2013,2,23,IPV,2591989,JP
2012,5,16,DJW,1757334,GB
na,na,na,UYT,75458,US
missing,missing,missing,BMW,1515822,NZ
1999,5,11,YWO,2160057,AT
1988,1,5,GIX,1157578,ES
1982,1,15,PGO,2627239,CA
1998,6,4,VCI,3124168,GB
1983,11,5,UTV,2652596,CA
2015,2,9,NQU,3230601,CN
missing,missing,missing,QPA,757070,AU
2013,11,3,AOT,1021798,GB
1989,4,25,QNY,646831,CA
2005,2,17,FZD,1321458,JP
2000,3,17,BTP,807484,CA
2014,12,15,UNL,111667,AT
1987,9,6,GBH,2468032,JP
2004,8,5,DWT,58513,NZ
2007,12,26,DIO,191128,AT
1988,3,13,ITL,2034513,NZ
2005,2,13,KTF,1425308, 
2002,12,24,IJE,1726319, 
1981,8,1,JDR,1711183,AU
2009,1,15,WBH,60716,GB
2016,7,9,RAE,3204713,CA
2004,9,15,BIL,1004299,US
1981,7,25,JVU,1748333,AU
2002,6,16,ZKL,N/A,JP
2001,4,13,ECW,2084687,CN
1992,10,23,QJU,1975055,US
1982,10,16,PAE,3168138,AU
1987,7,13,NSL,408590,CA
1995,6,6,TLK,287772,JP
2014,6,6,KPQ,566983,CA
na,na,na,XBP,363800,AT
na,na,na,GXH,2222480,CN
1985,6,12,IDN,2963340,GB
na,na,na,UOJ,393038,JP
na,na,na,NPY,22113, 
1992,5,3,CFU,1483067,CN
2007,10,14,KXL,3018477,JP
1980,2,21,LPZ,1655778,JP
2007,4,24,OJW,1888023,GB
missing,missing,missing,EXF,2430652,CA
1992,4,24,CDS,1129196,AT
1983,8,13,YPJ,3143366,CN
2004,12,4,XEJ,556476,JP
1991,4,10,WQX,650500,GB
2003,1,2,UIW,2815280,US
missing,missing,missing,AYH,1375834,US
2018,9,3,SFP,1052357,GB
2018,9,7,UAQ,2417217,NZ
1984,2,22,DHJ,595244,CN
1997,3,7,ZWV,2917686,CN
2006,1,20,PKV,2800516,US
2017,4,10,EXP,N/A,JP
1988,11,10,DYB,2785791,AU
1986,1,12,ZIU,941742,NZ
1988,6,14,CME,3097842,CA
missing,missing,missing,GCO,2476338,CN
1998,8,21,PFM,N/A,ES
2003,1,16,KBA,2172446,AT
2000,5,24,JXI,3124690,US
1996,11,7,QMD,2394163,NZ
2013,10,23,JUL,2513074,CA
2007,8,23,FPW,967328,JP
2011,11,15,TFH,1954362,GB
1986,11,28,CRQ,975979,AT
1987,9,11,AUS,1080950,GB
2009,5,3,SEX,1712344,GB
na,na,na,QAX,2517561,AT
1989,2,3,IXB,2573367,AU
1982,2,9,GYF,3269355,AU
na,na,na,PKQ,3052878,AU
1984,5,9,LHC,1352510,ES
1985,4,19,DWS,259094,AT
2007,6,2,XGL,227318,AT
1982,10,4,RCH,500742,US
1984,2,16,QNG,1557334,CN
1987,6,21,QRG,3235792,CN
2005,5,16,ZFM,3077608,CA
2010,9,19,MKJ,2479110,NZ
2000,4,20,AHD,62998,GB
2013,4,12,SML,1481553,AT
missing,missing,missing,QZA,1639601,US
2013,12,24,PTV,1562730,US
1998,11,8,ERT,1006679,CA
2004,9,4,DXV,2849714,GB
2010,4,19,VUH,743294,GB
1994,1,10,FTK,3319102,NZ
1981,10,12,ROG,2187513,CA
1983,3,16,LMJ,2453071,AT
1986,11,27,QXG,954123,NZ
2006,8,13,CWE,3269968, 
2005,6,13,WDU,N/A,NZ
2011,4,2,DEF,1760849,AU
1996,4,2,AYD,806531,GB
1982,4,6,WBF,1858945,GB
2010,10,28,GBW,2467950,CN
2004,3,23,FNX,2150785,AU
1989,4,12,EQK,2337814, 
1990,8,11,FNC,1349499,US
1995,6,15,TIP,725413,CN
2010,9,26,JUI,1259633,JP
2004,2,19,HQI,2539062,GB
2000,7,20,KTG,2027371,AT
na,na,na,HKR,2711734,US
2004,9,5,NQO,2057675,US
2013,8,5,VNJ,2972152,AU
1980,8,16,JML,1254007,GB
2015,2,13,DZY,303150,AT
missing,missing,missing,XRF,1320835,AU
2002,8,2,NZE,1737168,JP
missing,missing,missing,YIV,1712037, 
1994,7,21,UWH,805714,ES
2009,12,24,QJS,28477,GB
2009,10,8,KPS,2925756,GB
2006,1,9,AKW,N/A,CA
2010,5,5,WQV,N/A,AU
1988,3,5,WME,1767034,AT
1980,1,7,VCP,2953925,US
1986,12,15,DRM,2270057,NZ
2004,5,1,HQL,3081580,CN
2008,5,18,XOB,1567805,AT
1998,12,28,AXE,384443,NZ
1983,2,11,KEA,930279,US
missing,missing,missing,OPL,2340081,CN
2011,1,6,RUC,2943843,US
2006,11,23,QLM,2869686,ES
na,na,na,HWK,490695,CA
na,na,na,EHL,837497,AU
1981,1,11,BFI,218315,ES
2009,7,24,EGI,863857,US
1984,10,22,CIQ,2609949, 
2007,2,27,ORU,2337505,ES
2016,3,4,NMI,N/A,US
2010,5,23,IYD,2742212,AT
1988,5,9,XQJ,3253623,CN
2016,3,22,DUT,2350200,GB
2002,3,6,TGV,1754414,CN
1984,10,2,SKF,N/A,CN
2017,11,12,OLR,191556,AT
1987,9,11,AGP,76444,JP
1997,10,4,QDB,1325406,US
1997,6,11,KTR,2702811,JP
1991,4,11,FKB,318549,AT
na,na,na,MPY,3062706,CA
1993,8,5,IFU,328880,CA
2013,11,22,LTE,3096636,JP
2008,5,25,FQT,3157008,GB
2013,2,8,FJP,1972251,GB
1990,9,28,TMX,1234413,NZ
2001,4,23,EFL,3031438,AU
1999,4,19,UIQ,N/A,GB
na,na,na,SGI,30250,NZ
1983,2,4,ZRL,2463874,CN
2018,6,16,ZKS,1396913,CN
1988,11,9,FTG,3222916,AT
2017,3,12,SYM,N/A,ES
1998,9,20,UBD,1379092,GB
1995,7,25,MGU,1318366,AT
1983,6,21,VXR,759570,CA
1987,2,6,XEJ,2816922,CN
1984,12,2,QPT,342277, 
1980,12,12,XUC,1779649,GB
2000,3,20,VCN,2480985,AT
missing,missing,missing,FWD,3210994,AU
1994,12,12,IQR,2985829,AU
1997,12,11,MZS,676276,NZ
1998,2,9,GVF,207231,US
1980,12,4,YGB,1262111,ES
2012,10,27,QYE,1741154,US
1989,5,2,IZE,2248365,CN
