,selling_price,home_age,bedrooms,bathrooms,sqft_living,sqft_lot,sqft_basement,floors
1,487000,10,4,2.5,2540,5001,0,2
2,465000,10,3,2.25,1530,1245,480,2
3,411000,18,2,2,1130,1148,330,2
4,635000,4,3,2.5,3350,4007,800,2
5,380000,24,5,2.5,2130,8428,0,2
6,495000,21,3,3.5,1650,1577,550,2
7,355000,19,3,2.25,1430,4777,0,2
8,464950,19,3,2,2190,19800,0,1
9,425000,11,4,2.5,1920,9000,0,2
10,535000,3,4,2.75,2360,15100,0,1
11,356000,24,2,1,1430,365904,420,1
12,495000,3,4,2.5,2140,7245,0,2
13,525000,16,3,2.75,2100,10362,590,2
14,559900,20,3,2.75,2930,5569,1070,1
15,552321,29,3,2.5,1960,8469,0,2
16,475000,0,5,2.5,2300,28480,0,2
17,485000,6,3,2.25,2440,47916,350,2
18,381000,25,3,2,1680,8946,740,1
19,525000,28,5,3,2450,4591,0,2
20,540000,22,3,2.5,2220,5279,0,2
21,450000,25,3,2.5,1990,12866,0,2
22,624000,26,5,3.75,3570,14648,0,2
23,452000,27,3,2.5,1530,5032,0,2
24,398000,14,3,1.5,1310,2996,0,2
25,389999,24,3,2.25,1445,1471,145,2
26,387000,15,3,2.25,1445,1606,145,2
27,4.00E+05,9,3,2.5,1600,2388,0,2
28,355000,37,3,2.25,1410,1332,120,2
29,391000,30,3,2.25,1410,1290,120,2
30,384500,26,3,2.5,1600,2610,0,2
31,379500,7,3,2.25,1410,1287,120,2
32,377500,21,3,2.25,1410,1377,120,2
33,375000,33,3,2.5,1600,2042,0,2
34,533500,17,3,3.5,2490,3517,770,2
35,550000,9,3,3.5,2490,3582,770,2
36,366000,19,3,2.25,1445,1028,145,2
37,355000,26,3,2.25,1445,1087,145,2
38,415000,24,3,2.25,1445,1512,145,2
39,590000,11,4,2.5,2940,29013,0,2
40,456500,20,4,2.5,2400,6811,0,2
41,355000,22,4,2.5,1780,15000,0,2
42,362500,20,3,2,1940,40588,0,1
43,520000,29,3,1.75,1940,219527,0,1
44,535000,17,5,2.5,3190,6178,0,2
45,592000,31,3,2.5,2400,81892,0,2
46,410000,25,4,2.5,1900,15123,0,2
47,429000,13,3,2.5,1920,15124,0,2
48,470000,2,4,2.5,2470,8536,0,2
49,515000,5,3,2.5,2130,219978,0,2
50,599000,18,4,2.5,2790,230868,0,2
51,566000,8,3,2.5,2090,6294,0,2
52,408000,23,3,2,1640,3440,0,2
53,369950,32,3,2.5,1360,3718,0,2
54,395000,24,3,2.5,1610,3755,0,2
55,419500,27,3,2.5,1360,3188,0,2
56,365000,19,3,2,2030,8649,0,1
57,392500,25,4,2.5,2150,7303,0,2
58,440000,30,4,2.5,2230,5650,0,2
59,373000,29,3,2,1400,2445,560,1
60,542950,12,3,2.5,2070,39768,0,2
61,510000,22,3,2.5,2540,40106,0,2
62,630000,24,2,2.25,2550,5663,830,1
63,599000,16,5,2.5,2950,72309,0,2
64,550000,2,3,2.5,2720,62310,680,1
65,513000,5,3,2.5,2150,161607,820,2
66,450000,19,3,2.5,1639,2710,160,2
67,365000,27,2,1.5,820,1270,0,2
68,378000,26,2,1.5,980,853,160,2
69,370000,24,2,1,780,1133,0,2
70,362500,33,2,1.5,940,1768,0,2
71,363000,16,2,2,920,1201,120,2
72,359000,38,3,3,1320,1071,240,2
73,450000,35,2,3,1790,1709,390,2
74,449000,23,2,2.5,1460,1296,300,2
75,403000,31,2,1.5,1240,1101,160,2
76,462500,21,6,3,2390,4000,0,2
77,429000,23,3,2,1700,52826,0,1
78,365000,32,2,2,1440,15000,0,1
79,535000,12,4,2.5,2280,65836,0,2
80,575000,11,4,2.5,2550,56628,0,2
81,433200,22,3,2.5,2075,16200,0,2
82,465000,16,3,2,1840,40438,0,2
83,515000,30,5,3,2530,5105,1010,1
84,402500,22,3,1.75,1480,2211,0,2
85,415000,27,3,1.75,1480,2200,0,2
86,389000,25,4,2.25,2130,5337,0,2
87,415000,12,4,2.5,2230,5743,0,2
88,414000,23,4,2.5,2120,6497,0,2
89,453250,43,4,2.5,2260,6300,0,2
90,523000,3,4,2.5,2660,65340,0,2
91,515000,23,4,2.5,2670,8765,0,2
92,6.00E+05,10,4,2.75,3110,11225,0,2
93,579000,25,4,2.75,3220,9825,0,2
94,350000,29,3,2.5,1630,3425,0,2
95,645000,21,3,2.25,3280,79279,0,1
96,350000,22,3,2,1680,81893,0,1
97,407000,30,2,2.5,1340,999,400,2
98,589500,25,3,3.25,2310,3075,580,2
99,399500,33,2,1.5,1180,1722,0,2
100,380000,15,3,2.5,1260,900,320,2
101,390000,28,3,2.5,1310,1254,460,2
102,370000,25,3,2.5,1070,1219,350,2
103,393500,37,3,1.75,1230,1441,220,2
104,401750,29,2,1.5,1070,1236,70,2
105,505000,15,4,2.5,2790,5602,0,2
106,527000,1,4,2.5,2900,6736,0,2
107,350000,31,3,1.75,1250,13775,0,1
108,458000,8,3,4,1390,1569,240,2
109,619000,6,3,2.5,2560,43608,0,2
110,630000,19,3,2.5,2460,38794,0,2
111,402000,24,3,1.5,1320,3145,0,2
112,495000,18,3,2.5,1860,3150,0,2
113,499950,3,3,2.5,2370,12753,0,2
114,627000,3,4,2.5,2750,11830,0,2
115,447055,27,4,2.5,2448,4949,0,2
116,491000,27,5,3.5,2815,4900,0,2
117,368500,24,5,2.75,2530,7601,1010,1
118,540500,25,3,2,2800,185130,480,1
119,360000,29,4,2.5,1840,9611,0,2
120,518000,36,4,2.5,2790,9910,0,2
121,551500,8,4,2.5,2950,10003,0,2
122,614905,26,3,2.5,2410,7225,0,2
123,580000,17,3,2.5,2180,40278,0,2
124,437000,25,3,2.5,1750,22357,0,2
125,353000,15,4,2.75,1920,4627,910,1
126,4.00E+05,32,2,2.5,1170,1811,0,2
127,387000,31,2,2.5,1170,1394,0,2
128,405000,24,2,2,1405,1073,265,2
129,490000,25,3,2.5,2410,11900,810,1
130,403950,26,4,2.5,2120,13780,0,2
131,465000,3,3,3.25,1510,1850,280,2
132,455000,10,2,2,1190,1303,390,2
133,556000,18,3,2.25,2020,3600,0,2
134,365000,27,3,2.25,1110,979,150,2
135,352750,22,2,1.75,1060,1241,100,2
136,399950,22,3,2.5,1610,1320,330,2
137,515000,11,3,3,2100,2409,440,2
138,350000,22,3,2.25,1322,1796,235,2
139,365000,26,3,2.25,1310,915,250,2
140,499000,16,4,2.75,2250,14149,0,2
141,470000,3,4,2.5,2310,14023,0,2
142,367500,18,3,3.25,1400,1343,240,2
143,452500,23,3,2.5,2430,88426,860,1
144,350000,13,3,2.5,1640,10424,0,2
145,454950,45,4,2.5,2413,5701,0,2
146,515000,3,3,2.5,1800,5001,0,2
147,525000,27,4,2.5,2303,16801,0,2
148,4.00E+05,14,2,2,1050,1173,330,2
149,426500,34,4,2.75,2100,88426,0,1
150,472000,8,3,2.5,1860,415126,0,2
151,415000,27,3,2.25,1510,36224,0,2
152,435000,22,3,2.5,1730,46638,0,2
153,379000,29,3,2.5,1740,30886,0,2
154,549000,19,4,2.25,2740,88426,0,2
155,590000,19,3,2.25,2680,41250,0,2
156,415900,13,3,2.5,1670,22703,360,1
157,390000,19,3,2,1510,10827,0,2
158,460000,9,3,2,1760,9055,0,2
159,620000,18,3,2.25,2520,212137,930,2
160,419000,25,3,2.25,1760,16418,570,1
161,576925,15,4,2.5,2630,6100,0,2
162,569995,12,4,2.5,2650,6875,0,2
163,580135,33,4,2.5,3150,5886,0,2
164,542525,6,4,2.5,2650,5600,0,2
165,519995,24,4,3,2590,6160,0,2
166,612995,36,5,3.5,3240,6919,480,2
167,549995,17,4,3.5,2660,5690,740,2
168,549995,11,4,3.5,2970,6587,710,2
169,494995,37,5,2.75,2670,3800,0,2
170,469995,0,4,2.5,2350,3800,0,2
171,459995,7,4,2.5,2350,3760,0,2
172,515805,13,5,2.75,2710,4136,0,2
173,465000,26,4,2.5,2590,16437,0,2
174,499990,29,4,2.75,2620,7001,0,2
175,535365,31,4,2.75,2790,6969,0,2
176,475000,20,4,2.75,2620,6178,0,2
177,456000,23,3,2.5,2130,5205,0,2
178,499431,31,4,2.75,2620,6019,0,2
179,505657,8,4,2.75,2790,8092,0,2
180,533380,24,4,2.75,2790,6685,0,2
181,533112,20,4,2.75,2790,8853,0,2
182,570000,18,4,2.5,2640,11816,0,2
183,487600,24,4,2.5,2340,12080,0,2
184,587000,14,4,2.5,2550,6256,0,2
185,620000,23,5,2.5,3070,34991,0,2
186,372500,22,3,1.75,1550,12956,340,1
187,463000,15,3,2.5,2190,17108,0,2
188,386000,22,3,2,2120,7560,0,1
189,420000,13,3,2.5,1470,1571,290,2
190,355000,22,2,2.25,930,747,300,2
191,445000,18,3,2.5,1550,930,490,2
192,384000,19,3,2.5,1540,1564,240,2
193,499000,11,4,2.5,2680,10590,0,2
194,355000,25,3,2.5,1810,3192,740,1
195,518000,5,4,2.75,2520,14021,0,2
196,475000,4,5,3.5,2780,3583,600,2
197,379880,24,3,2.5,1650,14054,520,1
198,490000,18,4,2.25,2020,85813,0,2
199,435000,18,3,1.75,2220,132858,1110,1
200,402101,19,2,0.75,1020,1350,0,2
201,496500,17,3,2.5,2260,3640,0,2
202,475000,23,3,2.5,2280,3710,730,1
203,385000,26,2,2.5,1760,3710,630,1
204,472500,13,3,2.5,1650,3711,0,2
205,6.00E+05,16,3,2.5,2630,77972,0,2
206,637000,21,4,3.5,3080,118918,0,2
207,360000,30,4,2.25,1930,6508,0,2
208,382000,34,3,2.25,1800,4500,0,2
209,539950,28,4,2.5,2960,37430,0,2
210,525000,5,3,2.5,2340,35021,0,1
211,557500,10,3,2,2510,35255,0,1
212,397500,30,4,3,2350,9952,700,1
213,364950,8,4,2.5,1930,6957,0,2
214,467000,13,3,2,1840,3432,0,2
215,577500,14,3,2.5,2280,10879,0,2
216,570000,26,3,2.25,2180,9246,0,2
217,365000,26,5,2.75,2410,5003,1000,1
218,362000,26,5,3,1810,3000,0,2
219,374000,25,2,2.25,1100,1695,0,2
220,539000,12,3,2.75,2130,1400,1050,2
221,525000,17,3,2.75,2130,1400,1050,2
222,532000,21,3,3.75,2260,2050,1090,2
223,460000,23,3,2.5,1610,2527,530,2
224,5.00E+05,2,4,3.25,2670,5001,1030,1
225,475000,15,3,2.5,2220,60984,0,2
226,635000,5,2,2.5,2470,8840,690,2
227,5.00E+05,4,4,2.25,2060,44431,0,2
228,439000,25,3,2,2010,251341,500,2
229,370000,15,2,2.25,1280,835,200,2
230,420000,32,1,2,1070,675,190,2
231,412000,26,3,1.75,1950,52256,0,1
232,477590,12,3,3.25,2260,7701,500,2
233,625000,3,3,2.5,2440,4800,0,2
234,445000,20,4,2.5,2170,6000,540,2
235,440000,29,1,1,1160,64469,0,1
236,390000,27,3,2.5,1410,26375,0,1
237,410000,26,3,1.75,1530,26642,350,1
238,557500,10,4,2.5,2390,38258,0,2
239,395000,23,3,2.5,1630,15200,510,1
240,435000,27,4,2.5,2150,3143,0,2
241,5.00E+05,16,4,2.25,1960,12436,0,2
242,359950,26,3,2,1790,7212,0,1
243,361000,27,3,2,1950,8698,0,1
244,432500,9,3,2.5,1340,8867,0,2
245,549000,24,3,2.5,2250,9235,0,2
246,475000,23,3,2.5,2130,8022,0,2
247,515000,10,3,2.5,2100,7851,0,2
248,590000,3,3,2.5,2400,99752,0,1
249,375000,22,3,2.25,1330,8004,0,2
250,565000,20,4,2.75,2730,6856,0,2
251,385000,12,4,2,2340,9716,0,1
252,440000,18,3,2,1790,32379,0,1
253,495000,34,3,2.5,1780,47480,0,2
254,530000,25,4,2.5,2590,7891,0,2
255,612000,9,4,2.5,2670,5974,0,2
256,644500,7,4,2.5,2990,5342,0,2
257,395000,33,3,2,1890,14040,0,2
258,482000,7,2,2.25,1350,1248,170,2
259,560000,32,3,2,2560,216777,0,1
260,399000,3,3,1.75,2170,73616,0,1
261,620000,0,4,2.5,2980,210395,0,2
262,530000,29,3,2.75,2440,45738,600,2
263,359000,19,3,2.25,1650,7218,420,1
264,440000,28,3,2,1550,2401,0,2
265,430000,20,2,2.25,1040,1516,0,2
266,435000,13,2,2.5,1560,1222,480,2
267,446000,22,2,1.5,1370,1221,290,2
268,397500,33,3,2.5,1470,1256,540,2
269,390000,20,2,1.5,1050,934,90,2
270,375000,24,2,1.5,1050,1046,90,2
271,386180,20,2,1.5,960,1829,0,2
272,499000,9,4,2.5,1970,2601,530,2
273,560000,5,4,2.5,2300,7989,0,2
274,565000,5,4,2.5,2330,7936,0,2
275,467000,19,4,2.75,2170,5024,0,2
276,515000,16,3,2.5,1790,7167,0,2
277,580000,1,3,2.5,2150,7484,0,2
278,485000,13,3,2.5,1680,7385,0,2
279,575000,21,4,2.5,2400,6137,0,2
280,353000,22,3,2,1678,13862,0,1
281,455000,17,4,2.5,2210,49375,0,1
282,5.00E+05,20,3,2.5,1720,3012,0,2
283,565000,18,4,2.5,2620,10016,0,2
284,605000,26,4,2.5,2620,7553,0,2
285,560000,6,3,2.5,2070,12708,0,2
286,385000,21,4,3.25,1790,2460,690,2
287,445000,25,4,2.5,2340,3784,0,2
288,427800,26,3,1.75,1340,13241,0,1
289,430000,34,3,2.25,2160,6527,580,2
290,540000,18,4,2.25,2540,228254,1090,1
291,375000,8,4,2,1790,61419,0,2
292,455000,15,4,2.5,1770,13168,0,2
293,398000,25,4,2.5,2050,14724,0,2
294,580000,10,5,3.25,3030,7410,880,2
295,5.00E+05,27,4,2.5,2230,8560,0,2
296,440000,21,4,2.5,2400,8038,0,2
297,450000,25,4,2.5,2400,7693,0,2
298,388000,30,4,2.5,2090,5040,0,2
299,445000,22,2,1.5,1510,2001,0,2
300,451101,4,2,1.5,1510,1962,0,2
301,419000,22,2,2.5,1470,2034,0,2
302,350000,20,2,1.5,830,1077,0,2
303,440000,22,3,2.25,1680,57063,0,2
304,445000,21,3,2,1630,8702,0,1
305,375000,25,2,2.5,750,1430,0,2
306,641000,4,4,3.25,2760,4104,860,2
307,365000,27,5,2.5,2260,7040,0,2
308,361500,20,4,2.5,1980,7334,0,2
309,410000,29,3,2.25,1420,3750,0,2
310,405000,17,4,2.5,2090,6667,0,2
311,4.00E+05,23,4,2.5,2150,5397,0,2
312,560000,13,4,2.5,2710,6583,0,2
313,506000,3,3,2.5,2100,213008,0,1
314,391000,20,4,2.25,2190,3850,0,2
315,475000,16,3,2.25,2280,5750,1130,1
316,439950,6,3,2.5,1770,2875,0,2
317,512500,27,3,2.5,1840,2875,0,2
318,460000,12,3,2.25,1530,1840,290,2
319,650000,6,4,2.5,2840,9354,0,2
320,530000,34,4,2.5,2950,4836,0,2
321,448000,27,4,2.5,2230,5000,580,1
322,549900,22,4,3,2830,213879,0,2
323,590000,26,4,2.75,2400,104108,0,2
324,460000,15,4,2,2090,40419,0,1
325,5.00E+05,4,3,2,1990,65340,0,2
326,352500,23,3,2.25,1410,14110,240,1
327,412500,14,3,1.75,1660,10716,560,1
328,447450,29,3,2.25,1570,7200,0,2
329,481500,10,3,2.25,1840,10500,0,2
330,515100,21,3,2.5,2074,4900,0,2
331,358000,31,3,2.25,1610,6655,0,2
332,360000,28,4,2.5,1950,5451,0,2
333,364000,30,2,2.25,1280,2574,0,2
334,372000,6,3,2,1330,1042,270,2
335,368000,39,3,2.5,1370,1350,360,2
336,370000,24,3,2,1680,5036,0,1
337,350000,14,3,2.5,1630,5996,0,2
338,598555,8,3,2.5,3040,7880,0,2
339,437000,21,2,3,1460,1452,320,2
340,405500,22,2,2.75,1350,1252,230,2
341,405000,25,2,3,1410,1240,270,2
342,560000,10,3,3.5,2270,4088,390,2
343,528000,13,3,2.75,2160,4086,780,1
344,480000,8,4,2.5,2480,5100,0,2
345,465000,16,3,2.5,2050,15035,0,2
346,649000,3,4,2.5,2980,12764,0,2
347,405000,16,2,1.75,1350,2653,0,2
348,379000,28,3,2.5,1530,2913,0,2
349,405000,28,2,1.5,1370,4102,0,2
350,503000,19,3,2.5,2190,4882,0,2
351,435000,14,4,2.5,2130,10375,0,2
352,397500,18,3,2,2130,8225,0,1
353,436500,21,4,2.5,2290,11173,0,2
354,520000,6,3,2.25,2030,16200,0,2
355,350000,34,4,1.75,1770,7336,0,1
356,470000,23,3,2.5,1980,9725,0,2
357,417000,23,3,2.25,1840,11403,0,2
358,470000,11,4,2.5,2520,9684,0,2
359,480000,0,4,2.5,2180,9861,0,2
360,490000,11,3,2.5,2040,9622,0,2
361,485000,21,4,2.5,2400,10364,0,2
362,408200,19,3,2.5,1800,5761,0,2
363,520000,16,4,2.5,2490,34947,340,2
364,427000,16,3,2.5,1830,65340,310,1
365,476500,13,4,2.5,2250,50155,0,2
366,399950,27,3,2.25,1560,11997,300,1
367,390000,30,4,2.75,1790,47250,570,1
368,407500,27,4,2.5,1900,9075,0,2
369,418000,29,2,1.5,1480,1349,240,2
370,458500,1,3,2,1890,1599,460,2
371,445000,31,4,2.5,2360,81892,0,1
372,430000,14,3,2.5,2075,39553,0,1
373,635000,22,3,2.25,2680,175982,0,1
374,495000,19,4,3,2740,2811,500,2
375,451000,7,3,2.5,2050,4876,0,2
376,613500,17,4,2.5,3020,6068,0,2
377,644000,13,4,2.5,3310,4839,0,2
378,552500,6,3,2.5,2450,3582,0,2
379,460000,7,3,2.5,1450,1053,510,2
380,414500,31,2,1.5,1210,1278,190,2
381,422250,27,2,1.5,1280,1256,80,2
382,469000,9,3,3.25,1390,1278,250,2
383,489000,25,3,3.5,1500,1249,260,2
384,425000,24,2,2.5,1320,1329,140,2
385,436000,14,3,2.5,1460,1238,260,2
386,453000,2,3,2.5,1650,1838,380,2
387,487500,19,3,2.5,1810,1988,460,2
388,503500,8,3,2.5,1810,1750,460,2
389,439990,23,3,2.5,1930,1348,630,2
390,390000,15,3,3,1490,2944,530,2
391,399950,29,3,2.5,1230,922,150,2
392,450000,29,3,2.5,1530,762,480,2
393,497000,9,3,3,2060,1850,660,2
394,417000,19,3,2.5,1300,877,240,2
395,377000,17,2,1.5,1000,1251,70,2
396,386000,21,3,1.5,1270,1318,190,2
397,396500,20,3,1.5,1360,1488,240,2
398,385000,17,3,3.25,1320,1327,280,2
399,395000,22,3,3.5,1450,1263,290,2
400,370000,33,2,1.5,1010,2102,0,2
401,509500,2,2,2.5,1590,1485,290,2
402,407500,35,3,3.5,1522,1465,274,2
403,535000,10,4,2.5,2750,15099,0,2
404,562000,6,5,3,2795,15101,0,2
405,645000,35,4,2.5,2860,14000,0,2
406,564500,34,4,2.75,3100,14568,0,2
407,395000,28,2,2.25,1350,1493,300,2
408,449500,22,4,2.5,2410,55931,0,2
409,474950,23,3,2,2250,222156,0,1
410,595000,17,3,2.5,2250,8300,0,2
411,490000,15,3,2.5,1930,7266,0,2
412,607500,30,4,2.5,3000,8100,0,2
413,530000,17,3,2.5,1930,7214,0,2
414,435000,21,4,2.75,2230,9640,910,1
415,550000,30,5,2.5,2780,9272,0,2
416,4.00E+05,33,3,2.5,1450,8064,0,1
417,449950,33,3,1.75,2070,96703,0,1
418,550000,2,3,2.5,2290,6328,0,2
419,359800,16,5,2.5,2170,2752,0,2
420,359800,20,5,2.5,2170,2752,0,2
421,352800,25,4,2.25,1800,2752,0,2
422,447000,28,3,2.5,1800,3074,0,2
423,455000,9,4,2.5,1780,2992,0,2
424,435000,20,4,2.25,1780,2684,0,2
425,440000,21,2,2.75,1100,1088,350,2
426,350000,19,2,2.5,1280,940,220,2
427,417500,23,5,3,2270,6664,930,1
428,449950,24,4,2.5,2420,5244,0,2
429,352500,21,3,2,1920,33630,0,1
430,450000,29,2,1.5,1310,1264,190,2
431,550000,5,3,2.25,2090,8095,0,2
432,405000,29,5,2.75,2400,4900,0,2
433,640000,25,4,2.5,3420,21344,0,2
434,549950,15,4,3.5,3090,10510,900,1
435,479000,7,2,2.5,1741,1439,295,2
436,499000,23,3,2.5,1861,1587,283,2
437,575000,12,3,3.5,2514,1559,490,2
438,620000,16,4,2.5,2730,9260,0,2
439,635000,6,4,2.5,2720,7991,0,2
440,525000,5,4,2.5,2140,7754,0,2
441,507000,26,3,2.5,2120,7201,0,2
442,447500,20,2,2.25,1180,2090,0,2
443,466800,3,3,2.5,1480,14250,0,2
444,461100,9,2,2.25,1210,1267,90,2
445,370500,14,4,2.5,1790,6120,0,2
446,397000,28,4,2.5,1790,6590,0,2
447,590000,13,3,2.5,2520,10223,0,2
448,594950,16,4,2.5,2720,10006,0,2
449,535000,26,3,2.75,2300,12197,0,2
450,570000,5,3,3,2400,3192,0,2
451,380000,24,3,2,1440,3218,590,1
452,602500,7,4,2.5,2760,6850,0,2
453,489950,19,4,2.25,2640,31941,0,1
454,485000,15,4,2.5,2470,35073,0,2
455,425000,19,3,2.25,1580,39189,400,1
456,463000,20,3,2.5,1640,29970,0,2
457,460000,17,4,3,2230,52983,0,2
458,649500,15,4,3,3150,6599,0,2
459,570000,28,3,1.75,2580,40392,1190,1
460,625000,8,3,2.5,2750,35000,0,2
461,387000,18,2,2.25,1230,1280,270,2
462,645000,1,4,2.5,2850,37522,0,2
463,350000,23,3,2.5,1380,1590,220,2
464,380000,30,3,2.25,1520,1464,280,2
465,372500,23,2,2.5,1400,2958,0,2
466,465000,13,3,2.5,2150,4084,0,2
467,443000,26,3,2.5,1780,2778,250,2
468,350000,20,3,3.25,1460,1592,330,2
469,375000,17,3,2.5,1580,3825,0,2
470,375000,28,3,2.5,1580,2407,0,2
471,379000,8,3,2.5,1580,3075,0,2
472,379900,24,3,2.5,1800,2791,0,2
473,379900,19,3,2.5,1800,2792,0,2
474,391000,27,3,2.5,1800,1120,0,2
475,425000,19,4,2.5,1900,2766,0,2
476,355000,20,4,2.5,1890,7867,0,2
477,509000,24,3,2.25,1780,9315,0,2
478,569000,36,3,2.5,2150,8060,0,2
479,423000,23,4,2.5,2320,4254,0,2
480,429950,9,4,2.5,2320,4524,0,2
481,518000,5,4,2.5,2830,13760,0,2
482,442500,7,4,2.5,2170,14024,0,2
483,425000,36,3,2.5,1800,14036,0,2
484,369950,25,4,2.5,1910,10221,0,2
485,375900,26,3,2,1824,7120,0,1
486,588000,30,4,2.5,3060,7710,0,2
487,572000,24,4,2.75,2700,7992,0,2
488,579950,0,4,2.75,2460,8643,0,2
489,6.00E+05,14,5,2.75,3380,8179,0,2
490,380000,25,2,2.5,1230,987,170,2
491,441000,19,2,1,1290,1289,260,2
492,397500,28,3,2.25,1350,980,300,2
493,388500,23,3,2.25,1350,944,300,2
494,361000,17,2,2.5,1320,48787,0,1
495,5.00E+05,24,4,2.25,2050,7201,0,2
496,474950,19,3,2.25,1850,2575,0,2
497,399000,29,3,2.5,1800,3300,110,2
498,475000,5,3,2.5,1800,3300,110,2
499,350000,11,4,2.5,1660,2500,0,2
500,397000,24,2,1.75,1610,4104,660,1
501,583000,32,3,2.5,2600,5100,0,2
502,449000,16,4,2.5,1980,5400,0,2
503,550000,15,3,2.5,2510,5400,0,2
504,430000,19,4,2.75,1820,5400,600,1
505,464000,26,3,2.5,2460,5400,940,1
506,502500,14,5,2.5,2430,6168,0,2
507,518000,2,4,2.5,2560,5672,0,2
508,525000,20,4,2.5,2310,5573,0,2
509,481000,15,4,2.5,2286,8269,0,2
510,635000,13,4,2.5,2930,8679,0,2
511,569888,18,4,2.5,2590,6474,0,2
512,615000,18,5,3.25,3090,7069,0,2
513,608500,20,4,3.5,2850,5577,900,2
514,372500,32,5,3,2480,10090,1180,1
515,440000,7,5,3.25,2610,3642,530,2
516,542000,23,3,2.25,2220,12056,0,2
517,562000,25,5,2.25,3040,8111,0,2
518,424000,25,3,2.5,1820,7500,0,2
519,390000,22,3,2.5,1930,64904,0,1
520,585000,11,4,2.5,2430,4747,0,2
521,410000,40,4,2.25,2200,8292,0,2
522,515000,8,5,3.25,2910,5027,870,2
523,616950,10,5,3.5,3560,5008,750,2
524,538900,9,5,3,3040,6604,0,2
525,385000,20,4,3,2090,5102,740,1
526,420000,31,5,3,2150,6117,780,1
527,385000,22,4,2.5,2050,5276,0,2
528,429000,12,5,2.5,2340,4500,0,2
529,418500,12,4,2.5,2190,4866,0,2
530,392000,17,5,2.5,2340,5670,0,2
531,636230,20,4,2.5,2840,6284,0,2
532,610360,8,4,2.5,2610,5562,0,2
533,495000,33,4,2.5,2980,12075,1070,1
534,505000,24,4,2.75,2980,9825,1070,1
535,641000,5,5,2.75,3710,8674,0,2
536,564450,25,3,2.5,2710,6174,0,2
537,639900,19,4,2.5,3380,75794,0,2
538,580050,3,3,2.5,2360,4638,0,2
539,435000,27,3,2.25,1380,3015,0,2
540,434000,28,3,2.25,1750,9353,540,1
541,4.00E+05,15,3,1.75,1470,6682,0,1
542,562500,23,4,2.5,2320,8721,0,2
543,560000,8,3,2.25,2060,31400,0,2
544,5.00E+05,22,3,3.5,2150,4368,540,2
545,409000,18,3,2.5,1890,6500,0,2
546,510000,26,3,1.75,2170,26460,720,1
547,649000,21,4,2.75,3130,9711,0,2
548,390000,27,4,2,1900,76877,0,1
549,360000,27,3,1.5,1340,1110,300,2
550,634000,4,3,2.5,2490,4904,0,2
551,520000,13,3,2.5,2160,4297,0,2
552,620000,15,4,4,2850,2970,730,2
553,425000,24,3,2.25,1260,3000,0,2
554,470000,23,3,3.25,1710,2381,350,2
555,362000,25,3,2.75,1420,955,260,2
556,445000,28,3,3.25,1710,1960,350,2
557,450000,25,3,3.25,1770,1863,340,2
558,376000,22,2,2,1340,1635,0,2
559,350000,26,3,1.75,1260,1111,0,2
560,395000,18,2,2.25,1620,1841,80,2
561,435000,16,3,2.5,1600,2375,0,2
562,476100,27,4,2.5,1850,1836,250,2
563,524950,10,2,2.5,1830,2856,0,2
564,475000,25,3,2.25,1630,2520,0,2
565,450000,25,3,2.5,1480,1961,0,2
566,430000,21,3,2.25,1470,1703,0,2
567,358500,28,2,1.75,1400,865,290,2
568,376000,23,3,2,1540,1827,0,2
569,402000,37,3,2,1540,1827,0,2
570,454280,17,3,2.5,1470,1741,300,2
571,379770,34,3,2.5,1470,1779,310,2
572,420000,12,3,2.5,1470,1445,310,2
573,499000,9,3,2.25,1780,3665,0,2
574,360000,23,2,1.75,1230,1107,0,2
575,472500,13,2,2.25,1700,2383,0,2
576,550000,26,3,2.5,2080,2625,0,2
577,418000,18,2,2.5,1500,3608,0,2
578,405000,21,3,2.5,1440,2163,0,2
579,358000,29,3,2.5,1400,1529,0,2
580,405000,28,3,2.5,1500,2314,0,2
581,451000,21,4,2.5,1670,3315,0,2
582,630000,10,2,2.5,2290,3507,0,2
583,556000,15,3,3,1960,1168,360,2
584,352900,19,2,1.5,1240,1892,0,2
585,374000,20,2,1.5,1260,1575,0,2
586,380000,26,3,2.25,1530,1305,414,2
587,390500,24,3,2.25,1530,1279,414,2
588,445000,35,2,2,1240,2500,0,2
589,640000,1,3,2.5,2580,7500,0,2
590,420000,11,3,2,1750,9239,340,1
591,518380,24,4,2.5,2810,4500,0,2
592,531155,26,4,2.75,2810,5046,0,2
593,551870,1,3,2.5,2507,18400,0,2
594,350000,37,2,1.5,1320,73600,0,1
595,350000,26,2,1.75,1080,7242,0,2
596,434000,17,3,2.75,1830,3200,0,2
597,5.00E+05,24,3,2.5,2300,4307,0,2
598,463000,2,3,2.5,2010,4195,0,2
599,471000,18,3,2.5,2010,4059,0,2
600,396000,39,3,2.25,1680,9766,0,2
601,577000,6,3,2.25,2370,7878,0,2
602,450000,18,3,2.25,1780,9969,330,1
603,444000,26,3,2,1460,2610,0,2
604,350000,12,4,2.25,1770,7778,0,2
605,359950,24,4,2.5,1820,3899,0,2
606,423500,19,3,2.25,1890,7498,700,1
607,585000,21,4,2.5,2840,11044,0,2
608,433190,30,3,2.5,1650,2787,0,2
609,424950,25,3,2.5,1650,4777,0,2
610,450000,26,3,2.5,1800,4357,0,2
611,437718,34,3,2.5,1800,3265,0,2
612,417000,22,3,2.5,1570,4926,0,2
613,408474,18,3,2.5,1800,2731,0,2
614,414000,21,3,2.5,1790,3754,0,2
615,409316,39,3,2.5,1800,3168,0,2
616,451300,20,3,2.5,1420,814,280,2
617,430000,22,3,2.5,1690,1310,550,2
618,399950,30,5,2.75,1970,5400,650,1
619,487000,14,2,2.5,1470,2533,0,2
620,465000,17,3,2.25,1840,5752,0,2
621,485000,12,3,2.5,1580,6065,0,2
622,475000,17,3,2.5,1630,7586,0,2
623,567000,8,3,2.5,2070,10908,0,2
624,530000,23,3,2.25,2010,11817,0,2
625,449950,20,3,2.25,1610,5159,0,2
626,445000,19,3,2.25,1850,4050,0,2
627,447000,20,3,2.25,1440,4667,0,2
628,432250,28,3,2.25,1440,6232,0,2
629,455000,3,3,2.25,1470,4653,0,2
630,435500,24,3,2.25,1450,4789,0,2
631,620000,9,3,2.5,2440,10363,0,2
632,480000,7,3,2.5,1640,7847,0,2
633,484950,11,3,2.25,1670,5004,0,2
634,490000,49,3,2.5,2010,9725,0,2
635,505000,18,3,2.5,1860,8060,0,2
636,578550,11,3,2.5,2120,6602,0,2
637,545000,2,3,2.5,2060,7184,0,2
638,560000,20,3,2.5,2280,12498,0,2
639,485000,18,3,2.5,1880,5502,0,2
640,350000,26,3,2,1440,5469,0,1
641,496600,15,3,2.5,1910,5562,0,2
642,555000,25,3,2.5,2160,7584,0,2
643,5.00E+05,29,3,2.25,1760,4539,0,2
644,535000,20,3,2.5,1970,6634,0,2
645,635000,8,4,2.5,3050,7238,0,2
646,5.00E+05,10,3,2.25,1690,4964,0,2
647,517500,14,3,2.5,1800,3933,0,2
648,498688,10,3,2.5,1910,5600,0,2
649,495000,27,3,2.5,1800,7318,0,2
650,561000,20,4,2.5,2570,5250,0,2
651,599000,26,4,2.5,2640,6738,0,2
652,495000,20,5,2.5,2200,4942,0,2
653,496700,23,3,2.5,1740,5782,0,2
654,620000,22,4,2.5,2680,9185,0,2
655,464000,20,3,2.5,1770,5146,0,2
656,477500,16,3,2,1860,5146,0,2
657,525000,24,3,2.5,2030,6970,0,2
658,560000,26,3,2.5,2180,7169,0,2
659,520000,25,4,3,2190,5085,0,2
660,533600,34,3,2.5,1930,5080,0,2
661,425000,8,3,2.5,1930,4500,0,2
662,533000,19,3,2.5,2060,4812,0,2
663,575000,22,4,2.5,2630,6247,0,2
664,529000,32,3,2.5,1880,4499,0,2
665,509950,15,3,2.5,1880,4668,0,2
666,535500,32,3,2.5,2050,4976,0,2
667,510000,19,3,2.5,1890,5929,0,2
668,467000,18,3,2.5,1530,3984,0,2
669,449950,25,3,2.5,1530,3840,0,2
670,478000,2,3,2.25,1640,3896,0,2
671,510000,9,3,2.5,1860,3658,0,2
672,5.00E+05,25,3,2.25,1710,4561,0,2
673,4.00E+05,10,4,3,1810,5012,0,2
674,370000,25,4,2.5,1812,5026,0,2
675,533300,34,4,2.5,2770,21806,0,2
676,488000,31,3,1.75,2180,14734,0,2
677,432000,28,3,2,2190,13673,0,1
678,359000,34,4,1.75,1680,9244,0,2
679,450000,22,7,4,3150,7800,0,2
680,495000,23,4,2.75,2656,21195,0,2
681,470000,22,3,2.25,2220,9800,0,2
682,525000,20,5,3.25,2480,10277,840,2
683,495000,20,4,2.5,2310,7555,0,2
684,505000,21,4,2,2730,12000,1320,1
685,510000,8,4,2.5,2610,8031,0,2
686,470000,4,4,2.5,1990,30083,0,2
687,387000,28,3,1.5,1620,21929,0,2
688,419000,19,5,3,2190,9652,0,2
689,433000,18,3,2.5,1270,1062,210,2
690,589000,13,3,2.5,2940,4799,1230,1
691,605000,12,5,3.5,3060,8862,0,2
692,548000,14,4,2.5,2440,11005,0,2
693,475000,24,3,3,2010,2554,150,2
694,570000,19,3,2.5,2400,6975,0,2
695,572500,9,3,2.5,2490,7589,0,2
696,562500,1,4,2.5,2440,7322,0,2
697,429800,25,3,2,1970,7000,0,1
698,379950,18,3,1.75,2040,12065,0,1
699,363000,15,3,2,1750,7000,0,1
700,392000,24,4,2.75,1940,6555,0,2
701,572000,21,4,2.75,2770,3852,0,2
702,539500,8,4,3.5,2710,5722,670,2
703,384000,25,6,3,2320,4502,1120,1
704,417000,32,3,2.5,2000,4500,0,2
705,475000,9,4,2.5,2500,4500,0,2
706,415000,13,4,2.5,2020,5501,0,2
707,475000,15,4,2.5,2120,57050,0,2
708,545000,18,3,2.5,1990,5149,0,2
709,580000,9,3,2.5,2150,4604,0,2
710,589000,18,3,2.5,2250,4337,0,2
711,544900,5,3,2.5,1990,4936,0,2
712,443750,20,3,2.25,1460,968,320,2
713,360000,24,3,2.5,1480,3851,0,2
714,405000,24,2,3,1160,1073,280,2
715,402723,24,3,2.75,1160,1073,280,2
716,380950,24,2,2,1120,1039,280,2
717,525000,18,4,2.75,2530,17856,0,2
718,475000,7,4,2.5,2040,16200,0,2
719,469950,19,4,2.75,2530,14178,0,2
720,410000,21,3,2.5,1860,15457,0,2
721,420000,19,4,2.5,2110,9825,0,2
722,630000,6,4,2.5,2740,43101,0,2
723,375000,21,3,2.5,1770,5146,0,2
724,625000,19,3,2.5,3220,6409,0,2
725,549000,25,4,2.5,2910,6338,0,2
726,505000,3,4,2.5,2420,5006,0,2
727,540000,25,4,2.5,3000,5471,0,2
728,355000,9,3,2,1480,2502,0,2
729,432000,17,3,2.25,1470,1578,380,2
730,450000,31,3,2.5,1990,3478,470,2
731,480000,14,5,2.75,2670,4780,0,2
732,565997,22,5,2.75,2730,5820,0,2
733,460000,12,4,2.5,2200,6400,0,2
734,559950,15,5,2.75,2990,6370,0,2
735,563950,20,4,2.75,3050,4750,0,2
736,415000,17,4,2.75,2390,9968,1000,1
737,390000,21,4,2.5,1840,15496,0,2
738,413000,14,3,2,1520,3451,0,1
739,398500,27,3,2.5,1630,1971,0,2
740,390000,15,2,1,962,1992,0,2
741,445000,21,4,2.5,2170,5257,0,2
742,463000,15,3,2,1590,5009,0,2
743,353000,32,4,2.5,1830,5331,0,2
744,358000,18,4,2.5,1830,7308,0,2
745,380000,22,4,2.5,2000,6921,0,2
746,353500,22,4,2.5,1770,9239,0,2
747,589450,4,4,2.5,3190,7941,0,2
748,609900,17,4,2.5,3190,7399,0,2
749,616000,8,4,2.5,3440,6915,0,2
750,589950,4,4,2.5,3190,8195,0,2
751,515000,7,3,2.5,2610,5845,0,2
752,442250,21,3,2.5,2170,8169,0,2
753,540000,4,4,2.75,2830,7334,0,2
754,540000,26,4,2.5,2600,9935,0,2
755,480000,31,4,2.5,2600,7787,0,2
756,515500,0,4,2.75,2830,8126,0,2
757,469500,17,4,2.5,2090,7241,950,1
758,585000,8,4,2.5,2430,6766,0,2
759,507950,10,4,2.5,2630,6283,0,2
760,438000,24,4,2.5,1970,8545,0,2
761,575000,8,5,2.5,3070,7200,0,2
762,415000,38,3,2.5,1280,5040,0,2
763,497000,16,4,2.5,2240,7200,0,2
764,442500,36,4,2.5,2400,7092,0,2
765,427000,19,2,1.5,1440,725,340,2
766,437500,31,3,2,1760,2875,470,2
767,465000,18,4,2.5,2200,3141,140,2
768,454000,21,3,2.5,1590,4094,0,2
769,360000,30,5,3,2480,7200,920,1
770,430000,15,2,2.5,1520,1588,280,2
771,645000,22,4,2.5,2780,4200,0,2
772,435000,25,6,3.5,2400,8620,760,2
773,542500,14,3,2.5,2040,10086,0,2
774,479900,20,3,2,1980,12150,0,1
775,560000,18,3,2.5,2780,32880,0,1
776,565000,1,4,2.5,2980,10459,0,2
777,550000,2,4,2.5,2850,6809,0,2
778,489950,3,3,2.5,2400,7478,0,2
779,540000,9,4,2.5,2290,4450,0,2
780,525000,25,3,2.5,2190,34528,0,2
781,630000,5,4,2.75,2710,37277,0,2
782,599900,18,3,3,3030,35123,1270,2
783,632000,21,5,3,3520,36558,1420,2
784,592500,13,4,2.5,3370,35150,1600,1
785,542500,24,5,3.5,2730,42500,1200,1
786,460000,8,4,2.5,2110,35091,820,1
787,449999,28,4,2.5,1950,4947,0,2
788,6.00E+05,1,5,3.5,3370,16846,720,2
789,439950,20,4,2.5,2380,12067,0,2
790,438000,16,3,2.5,1520,1304,340,2
791,431500,24,3,3.5,1900,1612,470,2
792,370000,21,2,2.5,1390,1821,210,2
793,577288,15,4,2.75,2870,7200,0,2
794,399950,21,2,2.25,1140,1184,130,2
795,465000,15,3,1.75,1590,1322,530,2
796,545000,1,3,2.25,1780,191228,0,2
797,473000,24,3,2.25,1620,12309,0,2
798,535000,20,3,2.5,2210,7620,0,2
799,353000,14,1,1,550,1279,0,2
800,525000,15,4,2.5,2520,7731,0,2
801,477000,4,3,2.5,2100,5060,0,2
802,440000,20,3,2.5,1650,4929,130,2
803,395000,18,3,2.5,1600,1936,0,2
804,430000,20,3,2.25,2020,2750,340,2
805,415000,28,3,2.25,1970,2377,290,2
806,380000,33,3,1.75,1690,1468,310,2
807,5.00E+05,24,2,2.5,1950,2162,450,2
808,555000,31,3,3.5,2100,2479,650,2
809,439000,16,3,2.25,1430,2343,0,2
810,425000,14,3,2.25,1400,6970,0,2
811,4.00E+05,17,3,2.25,1180,14258,0,2
812,375000,13,3,1.5,1630,16170,0,1
813,608250,8,4,2.75,3030,21780,0,2
814,470000,17,3,3.25,1740,1693,380,2
815,536000,17,3,2.5,1900,6224,0,2
816,627000,2,5,3.25,3570,5425,0,2
817,550000,20,3,2.5,2260,4165,0,2
818,537500,11,4,2.5,2550,4630,0,2
819,583800,14,3,2.5,2480,6600,0,2
820,370000,29,3,1.75,1496,1423,248,2
821,369000,20,3,1.75,1300,3844,0,1
822,451000,25,5,3,2260,6508,930,1
823,375000,23,3,1.75,1380,5060,0,1
824,378950,20,4,2.5,1867,15314,0,2
825,585000,4,3,2.5,2290,5089,0,2
826,590000,16,3,2.5,2290,4203,0,2
827,538000,5,3,3.5,2620,10137,650,2
828,510000,18,4,2.5,2430,5203,0,2
829,615000,8,3,2.25,2530,45234,0,2
830,395000,28,3,2,1500,2506,630,1
831,379900,29,2,1.5,1240,1331,190,2
832,499950,16,3,3.5,1820,1501,390,2
833,499950,27,3,3.5,1820,1991,390,2
834,380000,25,2,2,1120,780,360,2
835,367500,26,2,2,1030,600,350,2
836,479000,7,2,2.25,1330,1380,270,2
837,4.00E+05,28,3,2.25,1190,1149,140,2
838,430000,21,3,2.5,1400,7508,0,2
839,538000,26,3,2.5,2250,11632,0,2
840,537100,18,3,2.5,2450,7051,580,1
841,506400,18,3,2.5,2100,9040,400,1
842,555000,13,3,2.5,2480,8676,0,2
843,535000,13,3,2.5,2110,8164,0,2
844,582000,17,3,2.5,2380,19860,0,2
845,515700,7,3,2.5,2180,9722,0,2
846,407500,23,3,2.5,1930,10460,0,2
847,498500,7,5,2.75,2990,7420,0,2
848,490000,10,5,2.75,2990,7200,0,2
849,405000,21,4,2.5,1850,9136,0,2
850,460000,26,3,2,1860,7232,540,1
851,530000,2,3,2.5,2160,9063,0,2
852,490000,16,3,2.75,1990,31200,0,1
853,392000,32,4,2.5,2130,4000,0,2
854,392000,17,4,2.5,2130,4028,0,2
855,375000,30,4,2.5,1870,7471,0,2
856,551000,14,3,2.5,2010,17362,0,2
857,419900,11,3,2.5,1630,1755,310,2
858,650000,4,4,3.5,3270,15704,1160,2
859,561600,22,4,2.5,2350,6624,0,2
860,610000,7,4,2.5,2410,15899,0,2
861,375000,27,3,2.5,1580,5725,0,2
862,413900,13,4,2.25,1770,5236,0,2
863,405000,30,4,2.5,1980,5020,0,2
864,512000,4,4,2.5,2600,4506,0,2
865,391500,23,3,2,1450,9132,0,1
866,455000,11,3,2.5,1600,7829,0,2
867,460000,39,3,2.25,1453,2225,0,2
868,428000,30,2,2.5,1414,1960,0,2
869,462370,13,2,2.25,1860,2670,0,2
870,6.00E+05,20,4,2.5,2990,5122,0,2
871,5.00E+05,33,5,3,2920,11440,0,2
872,6.00E+05,4,4,3.5,3270,15160,1610,1
873,6.00E+05,11,4,2.5,2620,9873,0,2
874,426000,9,2,2.5,1550,2657,0,2
875,499000,24,3,3.5,1690,1432,330,2
876,368000,23,2,2,930,1662,260,1
877,402000,19,3,2.5,1520,3425,0,2
878,470000,24,3,2.5,2120,2374,350,2
879,599950,7,4,3.5,2500,3080,690,2
880,352500,24,3,1.75,1860,7881,700,1
881,5.00E+05,6,3,1.75,2420,65501,0,2
882,375000,16,2,1.5,1160,1648,0,2
883,590000,24,5,3,3480,6625,0,2
884,560000,20,4,2.5,2280,9874,0,2
885,635000,1,3,2.5,3610,26359,1660,1
886,635000,10,4,2.5,3080,35430,0,2
887,565000,14,4,2.5,2440,22594,0,2
888,475000,18,3,2.5,2370,3239,420,2
889,560000,8,4,3,2720,7570,0,2
890,495000,16,3,2.25,2100,3000,0,2
891,397000,28,3,3.5,1360,1275,120,2
892,579950,20,5,2.75,3080,5752,0,2
893,510000,12,2,2.25,1470,1101,130,2
894,495000,15,2,2.25,1460,1623,200,2
895,610000,19,3,2.5,2630,5827,0,2
896,583000,14,4,2.5,2660,4000,0,2
897,535000,8,3,2.5,2510,5544,0,2
898,577000,14,3,2.5,2560,5238,0,2
899,571000,0,3,2.5,2510,5186,0,2
900,559950,14,3,2.5,2120,4310,0,2
901,608000,5,4,2.5,2690,4736,0,2
902,6.00E+05,15,4,2.5,2560,5593,0,2
903,610000,22,4,2.5,2980,5896,0,2
904,625250,32,4,2.5,2755,4831,0,2
905,455800,30,3,2.5,1690,4584,0,2
906,435000,24,3,2.5,1560,3987,0,2
907,442500,23,3,2.5,1690,3129,0,2
908,440500,31,3,2.5,1600,3172,0,2
909,461000,22,3,2.5,1690,3026,0,2
910,620000,12,4,2.5,3040,9606,0,2
911,597500,22,3,2.5,2620,4800,0,2
912,635000,24,3,2.5,2620,6842,0,2
913,5.00E+05,3,3,2.5,1650,5683,0,2
914,440000,32,3,2.5,1440,5434,0,2
915,438000,17,3,2.5,1650,3031,0,2
916,421200,13,3,2.5,1440,3060,0,2
917,465000,26,3,2.5,1440,4473,0,2
918,401000,28,3,2.25,1350,2839,0,2
919,447000,34,3,2.5,1650,3076,0,2
920,448000,22,3,2.25,1530,3056,0,2
921,485000,27,3,2.5,1650,3436,0,2
922,479000,11,3,2.5,1690,3322,0,2
923,528000,15,3,2.5,2020,5613,0,2
924,535000,24,3,2,2120,4080,0,2
925,464000,7,3,2.5,1690,4898,0,2
926,550000,25,3,2.5,2360,4080,0,2
927,635000,18,6,2.5,3880,5700,0,2
928,650000,5,4,2.5,3040,6587,0,2
929,531800,19,3,2.5,1930,5344,0,2
930,467000,9,3,2.5,1690,6642,0,2
931,499000,5,3,2.5,1690,4851,0,2
932,452000,7,3,2.5,1690,4000,0,2
933,498000,18,3,2.5,1690,4088,0,2
934,620000,31,3,2.5,2480,9041,0,2
935,561000,26,3,2.5,2120,5277,0,2
936,634800,12,4,3,3280,4904,0,2
937,581000,12,3,2.5,2600,4438,0,2
938,468000,10,3,2.25,1630,2490,0,2
939,475000,26,3,2.5,1690,2890,0,2
940,476000,17,3,2.25,1630,3070,0,2
941,575000,8,3,2.5,2120,4780,0,2
942,482500,31,3,2.5,1690,3068,0,2
943,449000,16,3,2.5,1690,3827,0,2
944,411753,20,3,2.5,1710,3795,0,2
945,394000,17,3,2.5,1680,4075,0,2
946,410000,27,3,2.5,1740,4948,0,2
947,362764,28,3,2,1460,4350,0,2
948,435000,29,3,2.5,1840,5680,0,2
949,392137,45,3,2,1460,3696,0,2
950,429000,25,4,2.5,1840,4593,0,2
951,389700,20,3,2.5,1720,3581,0,2
952,386380,21,3,2.5,1720,3600,0,2
953,385000,39,3,2.5,1740,4145,0,2
954,630000,9,3,2.5,2900,46609,0,2
955,575000,22,4,2.5,2510,47044,0,2
956,623000,9,4,2.5,2710,49044,0,2
957,445000,19,4,2.5,2280,42077,0,2
958,479000,15,4,2.5,2370,30378,0,2
959,530000,16,4,2.5,2940,35996,0,2
960,485000,8,3,2.5,1650,4218,0,2
961,465000,1,3,2.5,1650,4636,0,2
962,5.00E+05,0,3,2.5,1650,4648,0,2
963,369990,15,4,2.5,1960,7133,0,2
964,410000,19,4,2.5,2070,6180,0,2
965,545000,16,3,2.5,2760,17377,0,2
966,507200,31,3,3.5,1630,1329,270,2
967,379500,36,3,2.25,1830,25641,0,2
968,419000,27,2,2.25,1180,1253,340,2
969,450000,18,5,2.75,2710,6220,0,2
970,549950,29,3,2.5,2160,6288,0,2
971,415000,20,4,2.5,2000,5962,0,2
972,525000,5,4,2.5,2740,12106,760,1
973,640000,18,4,2.5,2970,34981,0,2
974,355000,42,4,2.25,1810,4970,0,2
975,625000,18,4,2.5,2820,8408,0,2
976,350000,16,3,1.75,1490,10344,0,1
977,410000,21,4,2.5,2240,4447,0,2
978,605000,17,4,3.25,2885,33671,0,2
979,350000,26,3,2.25,1550,5401,0,2
980,6.00E+05,5,4,2.5,2710,35009,0,2
981,590000,14,4,2.5,2660,35010,0,2
982,409900,25,2,2.5,1590,1845,0,2
983,411000,25,2,2.5,1590,2088,0,2
984,530000,17,3,3.5,2320,3174,260,2
985,449950,29,4,2.75,2320,4344,0,2
986,360000,22,4,2.5,1900,5889,0,2
987,365000,19,2,1.5,790,1123,90,2
988,570000,13,3,2.5,2420,11953,0,1
989,482000,5,3,2.25,1710,21485,0,2
990,410000,15,3,2.25,1450,19206,0,2
991,399950,8,3,2.25,1360,1041,266,2
992,460000,16,3,3.5,1600,1431,360,2
993,370000,25,2,1.5,1280,2096,200,2
994,390000,25,2,1.5,1340,1402,220,2
995,475000,23,4,3.5,2440,3052,500,2
996,640000,20,5,2.5,3220,4759,0,2
997,616950,13,3,3.5,2490,2722,470,2
998,383000,24,4,2.5,2050,4953,0,2
999,439000,16,2,2.5,1350,944,480,2
1000,435000,21,2,2,1440,1170,480,2
1001,375000,26,3,3.25,1280,1730,190,2
1002,450000,25,4,2.5,2290,5515,0,2
1003,370000,14,3,2.75,1250,1655,420,2
1004,402000,35,3,3.5,1240,1666,240,2
1005,459000,22,3,2,1480,800,480,2
1006,398000,10,3,2.5,1720,1715,480,2
1007,384000,17,3,2.25,1430,800,290,2
1008,394950,21,2,2.25,1300,2104,290,2
1009,375000,17,3,2.5,1300,1362,420,2
1010,353500,18,3,2.5,1260,972,420,2
1011,374950,21,2,2.25,1240,1172,240,2
1012,650000,3,3,2.5,2790,6720,0,2
1013,468000,22,2,2.5,1480,2167,90,2
1014,6.00E+05,11,3,2.5,2680,43995,0,2
1015,505000,9,3,2.5,2100,17882,0,2
1016,489000,2,3,2.5,2260,19821,0,2
1017,4.00E+05,35,3,2,1860,12944,0,1
1018,625000,15,4,2.75,2920,6605,0,2
1019,535000,13,5,3.25,2850,4551,480,2
1020,495000,18,4,2.5,2460,4774,0,2
1021,498000,24,3,2.5,2480,4136,0,2
1022,490000,9,4,2.5,2510,4349,0,2
1023,562500,6,5,2.75,2920,6327,0,2
1024,561000,3,5,2.75,3370,10315,0,2
1025,525000,30,5,2.75,2880,8364,0,2
1026,442500,28,2,2.25,1510,7280,0,2
1027,447000,21,3,2.25,1520,14080,0,2
1028,429000,26,3,2.5,1430,9240,0,2
1029,650000,19,4,2.5,2820,15000,0,2
1030,565000,2,4,2.25,2470,7447,0,2
1031,515000,28,3,2.5,2360,11254,0,1
1032,469950,16,4,2.75,2720,6427,1070,1
1033,450000,17,4,2.25,2120,8267,0,2
1034,440000,24,3,2.5,2040,7605,0,2
1035,471000,25,4,2.5,2330,9928,0,2
1036,515055,16,4,2.5,2400,8320,0,2
1037,492500,14,5,2.5,2570,9962,0,2
1038,472000,23,5,2.5,2570,7412,0,2
1039,534950,0,5,2.5,3220,10572,0,2
1040,518000,15,5,2.5,2890,13104,0,2
1041,482000,24,3,2.5,2420,7307,0,2
1042,480000,8,5,2.5,2160,7737,0,2
1043,585000,0,4,2.5,2910,6250,0,2
1044,595000,12,4,2.5,2910,7287,0,2
1045,523000,1,3,2.5,2400,6182,0,2
1046,540000,9,3,2.5,2400,5817,0,2
1047,543500,1,4,2.5,2550,5835,0,2
1048,589000,27,4,2.5,2910,5776,0,2
1049,525000,17,3,2.5,2200,4544,0,2
1050,499900,7,3,2.5,2100,5112,0,2
1051,470000,24,3,2.5,2100,4700,0,2
1052,505000,14,3,2.5,2100,5824,0,2
1053,475000,11,3,2.75,1890,3938,0,2
1054,506950,22,3,2.5,2080,4931,0,2
1055,399000,19,3,2.5,1740,3690,0,2
1056,490000,22,3,2.5,2230,5348,0,2
1057,465000,12,3,2.5,1890,4808,0,2
1058,485500,1,4,2.5,2320,3974,0,2
1059,440000,22,4,2.5,2410,4780,0,2
1060,480000,16,3,2.5,2270,4488,0,2
1061,437500,26,3,2.5,2120,4500,0,2
1062,487275,11,4,2.5,2400,3986,0,2
1063,423700,18,3,2.5,2070,3986,0,2
1064,449950,30,4,2.5,2470,3811,0,2
1065,355000,23,3,2.5,1590,4242,0,2
1066,356000,27,3,2.5,1590,3411,0,2
1067,538500,5,3,3.5,2500,4270,0,2
1068,560000,4,4,2.5,2630,5710,0,2
1069,561000,16,4,2.5,2550,5395,0,2
1070,576000,7,4,2.5,2590,5756,0,2
1071,515000,24,3,2.5,2430,4203,0,2
1072,539900,12,3,2.5,2500,4203,0,2
1073,490000,3,4,3,2640,5267,0,2
1074,459000,2,5,3.5,2640,6895,0,2
1075,574000,14,3,2.5,2380,6832,0,2
1076,567500,14,3,2.5,2300,7398,0,2
1077,552250,23,4,2.5,2580,5823,0,2
1078,605000,21,3,2.5,2610,6405,0,2
1079,622500,19,4,2.5,2980,8107,0,2
1080,645500,14,4,2.5,2990,8622,0,2
1081,5.00E+05,28,4,3,2520,4104,0,2
1082,452500,6,3,2.5,2240,7791,0,2
1083,435000,18,4,2.25,2140,6355,0,2
1084,507250,33,3,2.5,2270,5536,0,2
1085,569000,4,4,2.5,2830,10954,0,2
1086,384000,16,3,2.5,1700,4000,0,2
1087,381000,13,3,2.5,1470,3999,0,2
1088,389950,17,3,2.5,1700,6396,0,2
1089,432000,30,3,2.5,1970,4036,0,2
1090,425000,20,3,2.5,1960,4709,0,2
1091,650000,12,4,2.75,3260,5335,0,2
1092,650000,6,4,2.5,3180,5438,0,2
1093,522500,10,3,2.5,2370,7875,0,2
1094,535950,7,3,2.5,2370,5344,0,2
1095,450000,30,4,2.5,2070,3982,0,2
1096,440000,23,3,2.5,1390,4997,0,2
1097,403000,18,3,2.5,1700,4125,0,2
1098,419000,18,3,2.5,1970,4058,0,2
1099,620000,18,6,3.5,3600,6875,860,2
1100,564000,16,4,2.5,2870,6658,0,2
1101,555000,13,4,2.5,2870,6776,0,2
1102,565000,15,3,2.5,2700,6037,0,2
1103,6.00E+05,6,4,2.5,2710,6474,0,2
1104,430000,28,4,2.5,2070,4310,0,2
1105,359000,30,3,2.5,1450,3850,0,2
1106,420000,29,3,2.5,1970,3667,0,2
1107,610000,1,4,2.5,2950,9010,0,2
1108,563500,19,4,2.5,2780,7838,0,2
1109,615000,32,5,3.5,2950,7980,600,2
1110,470000,22,3,2.5,2280,6134,0,2
1111,575000,18,4,2.5,2890,9775,0,2
1112,515000,11,4,2.5,2680,7178,0,2
1113,467000,12,3,2.5,1990,4978,0,2
1114,555000,3,3,2.5,2690,4819,0,2
1115,435000,25,4,2.5,2190,6578,0,2
1116,619000,3,3,2.5,2720,6439,0,2
1117,585000,27,4,2.5,3110,6479,0,2
1118,650000,2,3,2.5,3060,7831,0,2
1119,622950,3,4,3.25,3030,7644,200,2
1120,544000,9,4,2.5,2340,6973,410,2
1121,632500,2,5,3.25,3500,7254,740,2
1122,389000,28,3,2.5,1720,4515,0,2
1123,507000,3,4,2.5,2730,7649,0,2
1124,515000,3,4,2.5,2890,7306,0,2
1125,539950,23,5,3,3100,5250,0,2
1126,536000,16,4,2.5,2880,8833,0,2
1127,490000,26,4,2.5,2570,6157,0,2
1128,425000,25,4,2.5,2270,4400,0,2
1129,452500,18,4,2.5,2460,6454,0,2
1130,410000,32,3,2.5,1960,4400,0,2
1131,489000,21,4,2.5,2170,4587,0,2
1132,499000,18,4,2.25,2440,5000,0,2
1133,443500,27,3,2.5,2170,5866,0,2
1134,635000,24,5,2.75,3110,6621,0,2
1135,405000,14,3,2.5,1960,6997,0,2
1136,469900,23,3,2.5,2270,4399,0,2
1137,451000,12,4,2.5,2320,5375,0,2
1138,388500,24,4,2.5,1890,5395,0,2
1139,475000,5,4,2.5,2320,10046,0,2
1140,625000,21,5,1,3240,5324,0,2
1141,587000,30,4,2.75,3190,8737,0,2
1142,589500,19,4,2.5,2630,6326,0,2
1143,479500,11,3,2.75,2300,4637,0,2
1144,515000,9,4,2.75,2700,5150,0,2
1145,480000,15,3,2.5,2410,4656,0,2
1146,425000,22,3,2.5,1950,4345,0,2
1147,516000,1,4,3.5,2550,8698,0,2
1148,425000,8,4,2.5,2070,4427,0,2
1149,412500,22,3,2,1680,5246,0,1
1150,409000,18,3,2.5,1950,7263,0,2
1151,452000,12,4,2.5,2190,6896,0,2
1152,465000,24,5,2.5,2550,6405,0,2
1153,492000,5,4,2.5,2550,6382,0,2
1154,384205,22,3,2.75,1810,3292,0,2
1155,415000,26,3,2.75,1770,3172,0,2
1156,648000,13,4,2.5,3290,6203,0,2
1157,605000,12,3,2.75,2450,5750,0,2
1158,592000,6,5,3.5,3340,5000,760,2
1159,641000,9,5,3.5,3420,6403,720,2
1160,540000,1,4,2.5,2710,9248,0,2
1161,425000,26,3,2.5,1950,5689,0,2
1162,485000,8,3,2.5,2430,5867,0,2
1163,544999,5,4,2.5,2710,6937,0,2
1164,430000,24,3,2.5,1950,4949,0,2
1165,530000,9,3,2.5,1970,6295,0,2
1166,480000,10,4,2.5,2430,5000,0,2
1167,425000,25,4,2.5,1950,5000,0,2
1168,545000,10,4,2.5,2720,4738,0,2
1169,625000,20,4,2.75,3010,6854,440,2
1170,637850,6,5,3.25,3340,4900,840,2
1171,605000,6,5,4,3040,6000,760,2
1172,575000,5,4,2.75,3120,7644,0,2
1173,640000,9,4,3.5,3220,5741,0,2
1174,589410,4,3,3,2840,7201,0,2
1175,610000,4,4,3.5,2910,5260,0,2
1176,595500,10,4,2.5,2490,6537,0,2
1177,633634,19,4,3.5,2960,6000,0,2
1178,594866,14,3,3,2780,6000,0,2
1179,575000,4,4,2.5,2500,4945,0,2
1180,495000,21,5,3,2440,4750,990,1
1181,440000,22,4,2,2310,5004,880,1
1182,420000,24,4,2.5,1940,5414,0,2
1183,585000,16,4,2.5,3000,6892,0,2
1184,353500,18,4,2.25,1760,9602,0,2
1185,379260,30,3,2.5,1730,7202,400,1
1186,375000,27,2,1.5,1130,912,130,2
1187,388000,20,3,3.25,1370,915,270,2
1188,385000,11,3,3.5,1370,1540,270,2
1189,390000,14,3,3.25,1370,913,270,2
1190,419700,23,3,2.25,1450,1486,290,2
1191,633000,5,5,2.75,3630,30570,0,2
1192,475000,14,3,2.5,1920,4534,0,2
1193,380000,20,2,2,1370,5756,0,1
1194,422120,25,3,2.5,1630,4534,0,2
1195,394000,27,3,2.5,1370,4400,0,1
1196,559000,27,3,2.5,2010,5200,0,2
1197,4.00E+05,32,3,2.25,1500,2692,0,2
1198,497950,21,4,2.5,1950,3000,400,2
1199,6.00E+05,17,4,2.5,2600,6536,0,2
1200,6.00E+05,20,4,2.5,3010,7953,0,2
1201,585000,27,4,2.5,2630,6185,0,2
1202,568500,26,4,2.5,3010,6181,0,2
1203,555000,26,4,2.5,2450,5079,0,2
1204,527000,10,4,2.5,2830,6163,0,2
1205,615000,15,4,2.5,3010,6903,0,2
1206,353000,15,4,2.5,1912,5000,0,2
1207,494900,18,3,2.5,2040,2500,570,2
1208,530000,28,4,2.75,2740,7872,0,2
1209,545000,12,4,2.75,2650,6717,0,2
1210,422500,31,3,2,1300,2250,0,2
1211,431000,17,4,2.5,2300,6087,0,2
1212,433000,29,4,2.5,2280,7568,0,2
1213,450000,32,4,2.5,2240,4616,400,2
1214,373000,35,3,2.5,1670,3565,0,2
1215,650000,22,4,2.5,3160,8530,0,2
1216,550000,1,4,2.5,2700,5150,0,2
1217,419950,22,4,2.5,2260,5164,0,2
1218,408000,11,3,2.25,1950,7221,0,1
1219,557865,5,4,2.5,3030,6813,0,2
1220,374950,35,4,2.5,1980,12062,0,2
1221,613500,9,3,2.5,2350,7035,0,2
1222,550000,30,3,2.5,2080,7749,0,2
1223,590000,18,3,2.5,2210,8622,0,2
1224,550000,24,3,2.5,1980,9061,0,2
1225,530000,4,3,2.5,1950,9906,0,2
1226,505000,3,3,2.5,1820,11012,0,2
1227,569500,11,4,2.5,2340,8248,0,2
1228,546500,2,3,2.5,2130,7199,0,2
1229,415000,28,4,2.5,2150,8173,0,2
1230,440000,22,4,2.5,2250,7526,0,2
1231,440000,27,4,2.5,2350,7203,0,2
1232,464000,8,4,2.5,2180,7203,0,2
1233,429000,25,3,2.5,1860,11122,0,2
1234,460500,15,4,2.5,2170,7533,0,2
1235,430000,9,4,3,1850,9976,0,2
1236,406500,30,3,2,1780,8621,0,1
1237,470000,10,3,2.5,2150,8221,0,2
1238,470000,14,3,2.5,2070,8581,0,2
1239,382495,30,3,2.5,1760,5390,0,1
1240,5.00E+05,7,3,2,2050,11454,0,1
1241,515000,18,5,3.5,2310,5249,750,2
1242,599950,25,3,2.5,2660,4975,0,2
1243,559500,5,3,2.25,2150,9250,0,2
1244,545000,23,3,2.5,2140,40173,0,2
1245,5.00E+05,14,3,2.5,1940,37565,0,1
1246,395825,15,2,2.5,1590,1679,0,2
1247,494815,28,3,2.5,1910,2091,0,2
1248,419190,33,2,2.5,1590,1426,0,2
1249,445000,17,5,3,2420,11250,0,2
1250,402000,23,4,2.25,1790,7311,0,2
1251,355000,23,3,1.75,1460,7203,0,1
1252,404000,27,3,1.75,1720,7202,0,1
1253,510000,22,4,2.75,2730,9112,990,1
1254,409900,22,3,2.5,1690,1200,280,2
1255,499950,1,4,2.5,2798,4473,0,2
1256,477500,2,5,3.5,2815,5619,0,2
1257,512500,11,3,2.5,1900,7604,0,2
1258,6.00E+05,3,3,2.5,2320,7609,0,2
1259,589000,26,3,2.5,2320,5663,0,2
1260,580500,7,3,2.5,2320,3980,0,2
1261,598500,22,4,2.5,2520,3980,0,2
1262,627000,5,3,3.5,2710,3475,1060,2
1263,613000,14,3,3.25,2440,2812,730,2
1264,6.00E+05,3,3,3.5,2710,3290,1060,2
1265,535000,9,3,2.5,2280,2289,400,2
1266,554000,27,3,2.5,2140,4126,180,2
1267,615000,23,3,3.5,2710,3326,1060,2
1268,567500,2,3,2.5,2280,2502,400,2
1269,571000,30,3,2.5,2140,2867,180,2
1270,352499,21,2,2.25,1240,705,90,2
1271,640000,30,5,3.5,3690,11928,1150,2
1272,550000,37,3,2.5,2430,5400,0,2
1273,640000,26,3,3.5,2480,10800,0,2
1274,575000,4,3,2.5,2610,7301,0,2
1275,594950,6,5,2.5,3280,6553,0,2
1276,535000,14,3,3,2640,5978,0,2
1277,594491,4,4,2.5,2990,6037,0,2
1278,598992,11,5,3.5,3440,6037,0,2
1279,485000,10,3,2.5,2340,59058,0,1
1280,563500,5,4,2.5,2800,12831,0,2
1281,545000,22,4,2.5,2755,11612,0,2
1282,540000,25,5,2.5,3100,10189,0,2
1283,525000,6,5,2.5,2630,9216,0,2
1284,550000,10,4,2.5,2890,9045,0,2
1285,510000,6,3,2.5,2300,27566,0,2
1286,568500,20,4,2.5,2460,4200,0,2
1287,570000,12,4,2.5,2640,4200,0,2
1288,420000,20,3,2.5,1770,3993,0,2
1289,456000,9,3,2.5,1820,2935,0,2
1290,473975,0,3,2.5,2330,3610,0,2
1291,410000,20,3,2.5,1830,2839,0,2
1292,396900,18,3,2,1360,3120,0,2
1293,427000,19,3,2,1720,128066,0,1
1294,509900,8,3,2.5,1790,2700,0,2
1295,567000,7,3,2.5,2540,6093,0,2
1296,6.00E+05,9,3,2.5,2260,10153,0,2
1297,490000,11,3,2.5,1890,10190,0,2
1298,539000,4,3,2,2260,9568,480,1
1299,416000,29,3,2.5,1800,5372,0,2
1300,455000,1,3,2.5,1980,7309,0,2
1301,435000,28,3,2,1610,6911,350,1
1302,457500,22,3,2.5,1500,4445,0,2
1303,445000,43,3,2.5,1730,4408,0,2
1304,459000,31,3,2.5,1780,4000,0,2
1305,435000,23,3,2.5,1730,4065,0,2
1306,480680,5,3,2.5,1730,4924,0,2
1307,450000,28,3,2,1610,4364,0,2
1308,539000,29,4,2.5,2340,19850,0,2
1309,521900,9,3,2.5,2100,12338,0,2
1310,503000,11,4,2.5,2470,5044,0,2
1311,391265,33,3,2,1440,3900,0,1
1312,428000,25,2,2,1350,3900,0,1
1313,428000,24,2,2,1350,4225,0,1
1314,542000,27,2,2,1930,4500,0,1
1315,437000,16,2,1.75,1440,4225,0,1
1316,429000,30,2,1.75,1350,6315,0,1
1317,504975,23,2,2.5,1900,4871,0,2
1318,415000,26,2,1.75,1340,4664,0,1
1319,489000,0,2,1.75,1810,4220,0,2
1320,505000,2,2,2.5,1900,5065,0,2
1321,515000,24,2,1.75,1930,5570,0,1
1322,381000,23,2,2,1340,4447,0,1
1323,430000,27,2,1.75,1350,4003,0,1
1324,412250,24,2,2,1300,2983,0,1
1325,530000,19,2,2.5,1900,2983,0,2
1326,431500,27,2,2,1370,4866,0,1
1327,449000,8,2,1.75,1510,6852,0,1
1328,541500,3,2,2.5,1900,3690,0,2
1329,420250,28,3,2,1510,3657,0,1
1330,457000,27,2,2,1440,9985,0,1
1331,389000,23,2,2,1200,7131,0,1
1332,408000,24,2,2,1200,3900,0,1
1333,419000,9,2,1.75,1510,4980,0,1
1334,398000,14,2,2,1300,3865,0,1
1335,450000,16,2,2,1510,4908,0,1
1336,410000,22,2,2,1350,3926,0,1
1337,389000,36,2,2,1340,4122,0,1
1338,413800,17,3,2,1440,4421,0,1
1339,445000,16,2,1.75,1440,4660,0,1
1340,439950,19,2,2,1440,4666,0,1
1341,403900,16,4,2.5,2050,8909,360,1
1342,375000,35,3,1.5,1100,1751,160,2
1343,545000,16,3,2.5,2660,20369,0,2
1344,355000,14,2,2.5,1370,1140,290,2
1345,369950,29,2,2.75,1370,1140,290,2
1346,359000,24,2,2.75,1370,1140,290,2
1347,640000,16,4,2.75,3040,7274,720,2
1348,530000,15,3,2.5,2480,7480,0,2
1349,536000,3,3,2.5,1990,7397,0,2
1350,480000,15,3,2.5,1590,1431,530,2
1351,535000,19,4,2.25,2810,12607,0,2
1352,380000,16,3,2,1840,8580,0,1
1353,533000,23,4,2.5,2830,6536,0,2
1354,574000,10,4,2.5,2980,10179,0,2
1355,479000,19,4,2.5,2590,6139,0,2
1356,522000,13,4,2.5,2835,6598,0,2
1357,607000,15,3,2.75,2810,12813,770,2
1358,4.00E+05,29,3,2,2260,11305,1130,1
1359,620000,18,3,2.5,2590,7237,0,2
1360,637000,13,4,2.75,2850,7510,0,2
1361,5.00E+05,5,4,2.75,2260,7209,930,1
1362,370350,27,3,3.5,1340,1168,260,2
1363,350000,20,3,3.25,1210,941,210,2
1364,568000,1,3,2.5,2740,22499,0,2
1365,610000,16,3,2.5,2910,12283,0,2
1366,419990,25,3,2.5,1690,1689,540,2
1367,462608,5,3,2.5,2010,2778,620,2
1368,351358,33,2,1.75,1210,1189,0,2
1369,357562,20,2,1.75,1210,1032,0,2
1370,357186,22,2,1.75,1210,1040,0,2
1371,550000,19,3,2.5,2010,2261,620,2
1372,395000,34,2,1.75,1210,1161,0,2
1373,453246,13,3,2.5,2010,2287,620,2
1374,386591,37,3,2.5,1690,1613,540,2
1375,372977,15,3,2.5,1690,1618,540,2
1376,404763,27,3,2.5,1690,1609,540,2
1377,472217,13,3,2.5,2010,2212,620,2
1378,413565,25,3,2.5,1690,1613,540,2
1379,479990,6,3,2.5,2010,2386,620,2
1380,375000,22,3,2.5,1520,5649,0,2
1381,513000,31,3,2.5,1810,4592,0,2
1382,517500,19,3,2.5,1810,4332,0,2
1383,477000,27,3,2.5,1740,4960,0,2
1384,485000,10,3,2.5,1760,3097,0,2
1385,448500,29,3,2.5,2080,3920,0,2
1386,455000,7,4,2.5,2090,4400,0,2
1387,509000,14,2,1.5,1930,3521,0,2
1388,488000,12,3,2.5,1940,5660,0,2
1389,548000,1,3,2.5,2110,4099,0,2
1390,430000,22,4,2.75,2290,5249,0,2
1391,447500,34,4,2.5,2425,9017,0,2
1392,453000,14,4,2.5,2502,8306,0,2
1393,499160,18,4,2.5,2628,11466,0,2
1394,647000,16,4,2.5,3040,6887,0,2
1395,603000,5,4,2.5,2670,5895,0,2
1396,535000,2,3,2.5,2070,4132,0,2
1397,567500,12,3,2.5,2080,4556,0,2
1398,408000,26,3,3,1500,1473,380,2
1399,490000,10,8,5,2800,2580,920,2
1400,5.00E+05,10,4,2.5,2040,6685,0,2
1401,635000,6,5,3.25,3710,34200,1200,2
1402,448175,22,2,2,1370,1339,220,2
1403,369000,31,3,2.5,1320,1683,50,2
1404,352000,23,2,2.5,1320,1957,660,1
1405,580000,5,4,2.5,3250,5000,0,2
1406,595000,10,3,3.25,3130,28001,920,1
1407,625000,16,4,2.5,2630,48706,0,2
1408,526500,16,3,2.5,1860,43170,0,2
1409,5.00E+05,13,3,2.5,2270,5654,0,2
1410,439000,27,5,2,2610,5009,900,1
1411,4.00E+05,20,2,2,1520,5010,0,1
1412,415000,20,3,2.5,1710,4920,0,2
1413,369000,19,2,2.5,980,895,310,2
1414,386950,27,3,2.5,1070,1089,170,2
1415,399950,30,3,3,1860,2875,150,2
1416,430000,25,5,3,2500,5750,1070,1
1417,475200,17,3,2.5,1670,3980,0,2
1418,450000,21,3,2.5,1670,2589,0,2
1419,5.00E+05,5,3,2.5,1670,2575,0,2
1420,483500,15,3,2.5,1670,4308,0,2
1421,471000,20,3,2.5,2030,2805,310,2
1422,455000,8,4,2.5,2440,5001,0,2
1423,440000,18,3,2.5,2160,3738,0,2
1424,448000,21,3,3.25,1560,1345,300,2
1425,490000,24,4,3,2330,3497,410,2
1426,600600,28,4,3.5,3110,6829,0,2
1427,540500,0,5,3.75,3090,7415,0,2
1428,355000,28,2,1.5,1140,2500,510,1
1429,420000,27,3,3.5,1900,2133,380,2
1430,399000,34,3,3.25,1680,1478,320,2
1431,380000,23,3,3.25,1450,1468,350,2
1432,4.00E+05,23,2,2.5,1410,1281,320,2
1433,4.00E+05,26,3,2.5,1390,2815,0,2
1434,380000,16,3,2,1470,1656,160,2
1435,457000,7,2,2.5,1380,1329,330,2
1436,360000,25,2,2.5,1233,1244,270,2
1437,358000,22,2,2.5,1278,987,276,2
1438,555000,11,4,2.5,2920,24074,0,2
1439,520000,43,3,1.75,2300,35722,0,1
1440,572000,18,3,2.75,2200,3885,0,2
1441,5.00E+05,17,4,2.5,1940,7607,0,2
1442,512000,15,4,2.5,2550,17209,0,2
1443,460000,13,4,2.5,2080,17532,0,2
1444,605500,18,3,2.5,2830,6536,0,2
1445,480000,18,3,2.5,1940,10035,0,2
1446,607000,20,3,2.5,2470,9226,0,2
1447,6.00E+05,8,3,1.75,2930,19876,900,1
1448,550000,26,4,2.5,2810,7549,0,2
1449,565000,42,3,2.5,2500,7394,0,2
1450,540000,19,4,2.25,2850,7453,0,2
1451,405000,18,4,2.5,2220,4652,0,2
1452,419950,23,4,2.5,2220,6800,0,2
1453,465950,16,4,2.5,2340,6896,0,2
1454,366000,24,3,1.75,1680,6108,0,1
1455,598000,23,4,2.5,3130,40918,0,2
1456,556000,31,3,2.5,2750,35440,0,2
1457,535000,26,4,2.75,2710,45963,0,2
1458,545000,14,4,2.5,2500,50595,0,2
1459,551000,18,5,3.75,3090,4943,0,2
1460,529000,8,3,1.75,2340,7724,0,1
1461,479950,16,3,2,2260,7163,0,1
1462,4.00E+05,26,3,3,2090,7634,640,1
1463,465000,31,4,2.75,2190,3267,0,2
1464,410000,35,2,1.5,1180,1034,60,2
1465,515000,20,3,2.5,2000,3837,0,2
1466,536000,1,4,2.5,2520,4831,0,2
1467,415000,20,3,2.5,1610,3600,0,2
1468,420000,30,4,2,2280,10319,1010,1
1469,4.00E+05,18,2,2.5,1340,1240,190,2
1470,415000,25,2,2.25,1130,2191,0,2
1471,572000,4,3,2.5,2360,9938,670,1
1472,405000,19,5,2.5,2430,4781,0,2
1473,390000,24,4,2.5,1940,3864,0,2
1474,525000,10,4,2.5,2840,4750,0,2
1475,544800,16,5,2.75,3190,5857,0,2
1476,380000,31,4,2.5,1940,3200,0,2
1477,485000,15,3,2.5,1800,11034,0,2
1478,440000,25,3,2.5,2060,11231,0,2
1479,445000,24,3,2.25,1990,7340,0,2
1480,450000,32,2,1.5,1530,1012,330,2
1481,390000,31,3,3,1550,1608,270,2
1482,425000,37,3,2,1180,1800,0,2
1483,360000,14,2,1,880,1165,0,2
1484,465000,22,2,2.75,1430,1425,435,2
1485,489000,21,2,2.75,1465,972,415,2
1486,358000,17,2,1.5,960,1808,0,2
1487,460000,26,2,2.25,1230,929,210,2
1488,359950,19,2,1.5,893,965,0,2
1489,385000,21,4,1.75,1690,4080,820,1
1490,635000,6,4,2.5,2880,3091,940,2
1491,430100,14,3,2.25,1400,1078,460,2
1492,425000,38,3,2.25,1420,1230,480,2
